date,F_12MRet,F_6MRet,F_3MRet,F_PriceMA,F_VWAP
1963-02-28,0.04900431389105483,0.019078798715011946,-0.01380918684847987,-0.006031185158431336,0.005615266265895073
1963-03-31,0.035541264287367515,0.08191153540431828,0.021413753356847587,0.015598232972158566,0.05464179018362373
1963-04-30,-0.007492749723348418,0.01798845620062095,0.014782074111243104,0.015078035904014797,0.0624643749377106
1963-05-31,0.05346693177388029,-0.006381887432561924,-0.028774410119765708,-0.002278939216248411,-0.06030444197646464
1963-06-30,0.06707715440639672,0.0740072177564934,0.05721051142501221,0.0740072177564934,0.0740072177564934
1963-07-31,0.11886556016505778,0.11886556016505778,0.08833317090995059,0.11886556016505778,0.14127704155521711
1963-08-31,-0.04636256462460575,-0.04636256462460575,-0.052409245947167594,-0.055507572437918595,-0.055507572437918595
1963-09-30,0.10851135891003931,0.10851135891003931,0.12437540668181053,0.12437540668181053,0.12437540668181053
1963-10-31,-0.0030708376254488337,-0.0030708376254488337,0.009676800887655398,-0.0030708376254488337,-0.005052811771328473
1963-11-30,0.04324561830043235,0.008181188868851516,0.055812161287659943,0.053100287015681924,0.053100287015681924
1963-12-31,-0.025140945324089475,-0.021144436828873948,0.016688275725973728,-0.006148358246557545,-0.006148358246557545
1964-01-31,0.025269104403619586,0.016734543432059157,0.03563657340665305,0.0037575351777154875,0.015145107465500315
1964-02-29,0.02905098234577756,0.06092932823283729,0.04187053290865106,0.029403440712134448,0.03623085681216135
1964-03-31,0.009577012813787719,0.013083491617371434,-0.01659864025966573,0.025020390993748125,0.025020390993748125
1964-04-30,0.07691304088836211,0.07691304088836211,0.052809267888828525,0.06286354890436495,0.06389003539848391
1964-05-31,0.0006922326736342003,0.01736692493434683,-0.03135459694549577,0.023284824069746326,0.023284824069746326
1964-06-30,0.003943483341290725,-0.023393453384094192,-0.003093578405360583,-0.003093578405360583,-0.023393453384094192
1964-07-31,0.008249955051668456,-0.015018664841282059,-0.015018664841282059,0.014960817559588798,0.008249955051668456
1964-08-31,0.10144445823782682,0.12770410682708752,0.09946778250643917,0.07320813391717847,0.14506402081438527
1964-09-30,-0.07979478516175893,-0.08564355236049055,0.001827508683887813,-0.051526135225450874,-0.051526135225450874
1964-10-31,-0.03750160854133858,-0.03750160854133858,-0.024152684540978187,0.014045437626995652,-0.03750160854133858
1964-11-30,0.02568269853476864,0.029754185693767938,0.034755433635525725,0.029754185693767938,0.029754185693767938
1964-12-31,0.023581921733497196,0.023581921733497196,0.03443028543158533,0.035822788735535904,0.004248382410366773
1965-01-31,0.014719851537782583,0.014719851537782583,0.021063218471828755,0.019316238069175967,0.02645599407127504
1965-02-28,-0.04353365289119241,-0.03280341764252154,-0.03495688313669796,-0.022623833515191316,-0.01975259843754094
1965-03-31,0.11961513901297675,0.054197820810476006,0.06846754690808265,0.03619891129423447,0.059796635623965276
1965-04-30,0.0041940363784415055,0.05237804312487005,0.06723849826965093,0.04653017796817919,0.04653017796817919
1965-05-31,-0.06705978668507369,-0.04476209472242498,-0.046960019763440185,-0.04756657935421001,-0.04756657935421001
1965-06-30,0.07237113899856447,0.11503639931555881,0.11811686586257329,0.11503639931555881,0.11503639931555881
1965-07-31,0.048365000707959425,0.07723528575717319,0.06091529877203227,0.07723528575717319,0.04765261476164006
1965-08-31,0.06636882133790338,0.0906280066222745,0.06636882133790338,0.06636882133790338,0.06636882133790338
1965-09-30,0.0573449816572551,0.08354807891904141,0.06785517191194597,0.1482932428432452,0.1482932428432452
1965-10-31,0.12174683891629685,0.12208511298058489,0.12208511298058489,0.14608455957203495,0.14290143364458455
1965-11-30,-0.005653049628854712,-0.059449935022951816,-0.0038340799515621526,-0.0260415912645983,-0.005653049628854712
1965-12-31,0.16357063018341444,0.15763820749485943,0.1560080278237437,0.1560080278237437,0.16357063018341444
1966-01-31,0.03623397408632741,0.004246101995142045,0.004246101995142045,0.03623397408632741,0.03623397408632741
1966-02-28,0.03902007598455955,0.019901612573152816,0.03902007598455955,0.03902007598455955,0.03902007598455955
1966-03-31,0.009029768922141837,0.01866344911249033,0.009029768922141837,0.026189028451274392,0.03327187638853912
1966-04-30,-0.0963476507536073,-0.0963476507536073,-0.08333379932943419,-0.08333379932943419,-0.08333379932943419
1966-05-31,-0.031845925177297583,-0.04567262360945521,-0.04567262360945521,-0.04567262360945521,-0.04567262360945521
1966-06-30,-0.07989834858328006,0.004723492233938563,0.057080715719742194,0.04177223070537783,-0.002215537763996786
1966-07-31,-0.12937439417120444,-0.12724796428353768,-0.10270329082377039,-0.07106655689869239,-0.07106655689869239
1966-08-31,-0.13031077240351577,0.0010368757566361724,0.031361720839748086,0.0009822304311243313,0.0009822304311243313
1966-09-30,-0.03664999767528591,0.006612319833804244,0.054208085795852345,0.054208085795852345,0.017322121561099652
1966-10-31,0.08679786447016997,-0.0028460885822381523,-0.0028460885822381523,-0.006286390597549836,-0.0028460885822381523
1966-11-30,0.03493883617513849,0.035259655793189536,0.035259655793189536,0.07612082343083133,0.05372268377912332
1966-12-31,0.0927874314664306,0.07410892003758247,0.11423145769028238,0.07010998744133468,0.0761519390214594
1967-01-31,0.01750392435033263,0.010267385434645523,0.016746573953052384,0.028929025941118736,0.028929025941118736
1967-02-28,0.06343268166299725,0.03567005812901858,0.10199197710891456,0.052485074000503396,0.07433210546529828
1967-03-31,0.0708569783898877,0.09791842089761109,0.09736998995719603,0.09736998995719603,0.09369910831625838
1967-04-30,-0.03301179530973745,-0.04292184089213406,-0.041542467579776386,-0.03750765155088461,-0.041542467579776386
1967-05-31,0.07015234019041376,0.0665912392885113,0.08726920026933072,0.0843902520954823,0.06676809179422542
1967-06-30,-0.0076003786478755775,-0.020234490505310815,0.035639520121862556,0.035639520121862556,0.035639520121862556
1967-07-31,0.0009223607572118875,-0.08150060146079449,-0.07899922619474532,-0.08150060146079449,-0.07000014921715181
1967-08-31,0.018984930465767144,0.018984930465767144,0.01123212919125203,0.05814372309722091,0.018984930465767144
1967-09-30,0.06738365198309441,0.03999769383985582,0.046785501541046846,0.04880169960179911,0.07375151865603147
1967-10-31,0.05118872458786997,0.004884265463348673,0.003328505439510576,0.06556492177195102,0.06556492177195102
1967-11-30,-0.03426471004331866,0.013784988440268653,0.013784988440268653,0.013784988440268653,0.013784988440268653
1967-12-31,-0.06672758964666203,-0.06001972012860973,-0.04234619289549543,-0.048855514078875145,-0.048855514078875145
1968-01-31,-0.03841686247883377,-0.012027035200672201,-0.012027035200672201,-0.06070518190680927,-0.06070518190680927
1968-02-29,0.07203184037348646,0.02235909170943842,0.022918366983886346,0.022918366983886346,0.022918366983886346
1968-03-31,0.16910449500244118,0.15079838268631507,0.0707612451035972,0.15079838268631507,0.14269541246546283
1968-04-30,-0.10681475525459765,-0.11940249368347156,-0.005989866727703741,-0.11940249368347156,-0.09113561313845404
1968-05-31,-0.030021192374346334,-0.014273778060723049,-0.040986775157761585,-0.05271816545851915,-0.05271816545851915
1968-06-30,-0.011177185345587204,-0.00350396616199547,-0.04581039966600747,-0.011838743818725156,-0.011838743818725156
1968-07-31,-0.021712966238679347,0.005454962533538405,0.06519181229815642,0.03367280901248003,0.03367280901248003
1968-08-31,0.039757739920683266,0.08662018986003625,0.036197613338404794,0.020346242723474794,0.020346242723474794
1968-09-30,-0.017974037858585586,0.05314853942659403,0.022968667681845096,-0.01407487023028516,0.04015412812751188
1968-10-31,0.05288652197275798,0.02841349480864356,0.04914120214447765,0.03413892848458591,0.03413892848458591
1968-11-30,-0.008145434491227316,-0.008145434491227316,-0.01583481125141112,-0.03321671384772615,-0.020817645316034084
1968-12-31,-0.001089428732888198,-0.010464161034362152,-0.030798981195597746,-0.00798639747628499,0.0013883348251889638
1969-01-31,-0.04697060260256283,-0.05857311565370768,-0.05767144081407616,-0.040482193441664094,-0.0398841602787357
1969-02-28,0.08538168812187075,0.06888998870416718,0.011273634515726577,0.06731114645683695,0.06731114645683695
1969-03-31,0.03511106367160402,0.021676376487287624,0.03888636427394132,0.004320056336107825,0.021676376487287624
1969-04-30,-0.02903998726243387,-0.0038753444178518115,-0.0038753444178518115,-0.015638657535655437,-0.036266953179096284
1969-05-31,-0.059829377199075356,-0.1572915252868002,-0.026774741437394594,-0.16735320158963488,-0.17540550475996972
1969-06-30,-0.03484010931837317,0.004116827623571838,0.007435947203087448,-0.014508932089183274,-0.02602204467483077
1969-07-31,0.10585019883470681,0.0885813339236527,0.06617873636885713,0.07021085478642325,0.06853350792640073
1969-08-31,0.047611049168641735,0.03263278792194202,0.02579288541546168,0.034676895203593794,0.06471835731937
1969-09-30,0.08611233217094685,0.10044492641291841,0.11102419991489104,0.1323264230466224,0.1323264230466224
1969-10-31,0.005798278267233368,-0.008996706096683068,-0.03167405992435823,-0.03167405992435823,-0.03167405992435823
1969-11-30,0.07938936259923982,0.07938936259923982,0.05758943330014218,0.0721129589088517,0.0721129589088517
1969-12-31,-0.04930384885575237,-0.05478313433005763,-0.05677191452577171,-0.03923342986942163,-0.03923342986942163
1970-01-31,0.02842116082250748,0.059103060480276165,0.0801850675533062,0.0073391537494774395,0.0073391537494774395
1970-02-28,-0.12563838576060535,-0.03405624649547048,-0.006153289468098511,-0.0495448449436362,-0.02448579269338516
1970-03-31,-0.09046210008506758,-0.09616527471832784,-0.10516329796581703,-0.10285221497702354,-0.09675038228404537
1970-04-30,-0.20080297172099998,-0.20253435724746877,-0.09706038796371028,-0.10334922923703244,-0.1970420625091628
1970-05-31,0.018297528566151855,0.015266725604265369,-0.0362178217169348,-0.014557332582457866,-0.014557332582457866
1970-06-30,-0.019147158076107985,0.015799046304011653,0.11473540504385049,0.053354284678742946,0.041769885821481355
1970-07-31,-0.00815110974885147,0.05418508511201209,0.037008067282107954,0.0217177491085441,0.0217177491085441
1970-08-31,0.09810537596520782,0.009814021311947169,0.03443285440337248,0.003801588242921339,0.009814021311947169
1970-09-30,0.01601542819512352,0.03663255597118853,-0.023550377948940063,0.020720132461588214,0.029933749573676997
1970-10-31,0.09252997895963905,0.028256362806424684,0.02977455534203391,0.030480992898976045,0.030480992898976045
1970-11-30,0.00021835319384793175,0.028883360944909814,0.062422164413953846,-0.0015390340194836975,0.02323404465586733
1970-12-31,0.06878189910378352,0.10309056268716871,0.09543276052768884,0.036855926735561595,0.024129336248451816
1971-01-31,0.05331564421500912,0.07160262947109519,0.023517912603174762,0.07840931038159196,0.07750664206967553
1971-02-28,0.09981430337272985,-0.03898392822214394,-0.10172487350997916,-0.07125488216360092,-0.003549181540695154
1971-03-31,0.047339617337047224,0.13842391687699573,0.11850440535398493,0.09068814912195572,0.07308002525216212
1971-04-30,0.0013550157556192766,0.01201735529552786,0.010427423116699891,0.0030546067998967197,0.008320098241159979
1971-05-31,-0.1421749055131007,-0.1058928029521661,-0.14214233788371505,-0.048189230919652576,-0.027888144799844583
1971-06-30,-0.09103923788866394,-0.14280052493259246,-0.06737984531659441,-0.05752090118519329,-0.05752090118519329
1971-07-31,0.05826916255041498,0.030160987536092088,0.06697462662866,0.06259636266080942,0.011055403244180279
1971-08-31,-0.00023607694965147377,-0.02657768116559669,-0.008621709546912742,-0.03585653568494676,-0.03585653568494676
1971-09-30,-0.005788300173432848,-0.007825639518374783,-0.011544464912969593,-0.025145972569507152,-0.029997465566017067
1971-10-31,0.03262946597093069,0.023168287478239347,0.017904132776835557,0.018815522481288427,0.018815522481288427
1971-11-30,0.11152861260181895,0.07999945991458424,0.08939455036921279,0.07999945991458424,0.07999945991458424
1971-12-31,0.05552813069539264,0.012763098155204853,0.05196427907107809,0.06844852203646642,0.021220223574382944
1972-01-31,0.05889568178248089,0.06106631618209535,0.013823512685902123,0.03206661709695552,0.04327222236332151
1972-02-29,0.038156180884716825,0.008833802426632537,-0.0497797126034569,-0.01139406002491311,0.02071630111630038
1972-03-31,0.05523959788912114,0.02588870203879023,0.03910401916718366,0.02588870203879023,0.04915841902652124
1972-04-30,0.09905859981964205,0.04338886341114834,-0.00380472847075089,0.07950151163301364,0.11850144380780764
1972-05-31,-0.1334788667577126,-0.1711890627736156,-0.12837481586472949,-0.10869115566580359,-0.10869115566580359
1972-06-30,0.018941474497194494,0.013259135365397662,0.011610831746372258,0.02313817027105597,0.0363659338184073
1972-07-31,-0.004998640621343836,-0.0023809761117238593,-0.0023809761117238593,-0.007357484856015423,-0.007357484856015423
1972-08-31,-0.005843708478540155,0.008919735260212724,-0.005758093103156059,-0.007389142573021978,-0.005758093103156059
1972-09-30,-0.0006020885977821022,0.0007325145492403928,0.0298167737702405,0.008581448021911298,0.013387629373023402
1972-10-31,0.06660295541474148,0.04725163084810263,0.06512587719377683,0.029912820130835405,0.043853412973559824
1972-11-30,0.1123830980088811,0.049321914903992764,0.03118229195903513,0.034031767723953804,0.10240732539203215
1972-12-31,-0.1251177787454814,0.013175865148214679,-0.006621550742191472,-0.08124021208822588,-0.08124021208822588
1973-01-31,-0.0640547058629028,-0.09846102455123477,-0.09846102455123477,-0.062278676884653286,-0.08304353110186512
1973-02-28,-0.01696878436439676,0.04535560551667632,0.03559663250121918,0.03559663250121918,0.03559663250121918
1973-03-31,-0.021183574623094087,-0.05019539661141037,-0.05802104482714371,-0.018005485453116227,-0.0015510190280793867
1973-04-30,-0.043665028178939747,-0.01251450643969362,-0.07764817284896208,-0.16402587806710284,-0.1484022359064559
1973-05-31,0.011971617328103812,-0.0003426041063112062,0.008326987391861829,0.010931230663458968,0.013725690744843921
1973-06-30,0.005184777706799787,0.027366546421397353,-0.015523242169607697,0.004190328369881036,0.011353915266296755
1973-07-31,-0.07608352485558752,-0.05550737060823401,-0.05163518444886545,-0.05210652212319942,-0.06970180651291873
1973-08-31,0.07511881112003985,0.02426957227694739,0.04254784488000892,0.060151136250457996,0.062287599196291454
1973-09-30,0.05099661916321815,0.017534048204471544,0.039452345757257215,-0.07209933093794915,-0.09423215409914505
1973-10-31,-0.12067542285266446,-0.090672695006613,-0.148275963245627,-0.10373789724972914,-0.10373789724972914
1973-11-30,0.04813988354068077,-0.007738668473225669,0.009511938642755109,0.013704876909146553,0.009996548921327857
1973-12-31,-0.021944384613881818,0.03167254709599708,0.02175623327363931,0.012182840481251447,-0.02321256641269574
1974-01-31,0.004452361673844314,0.04008357380233588,-0.0010490069791869092,0.007156956936160649,0.01418496324537293
1974-02-28,-0.08307614387496012,-0.07032375028206368,-0.07437629865770043,-0.05016247363436606,-0.07723622629573544
1974-03-31,0.019267056288944703,0.02489342964647208,0.01425875871267145,-0.023845686079614268,-0.028808551643494818
1974-04-30,-0.09900706658754171,-0.060249536047315644,-0.03228322860072583,-0.08496426798090642,-0.12024114065993778
1974-05-31,-0.03350329071003245,-0.014169653848269353,-0.024240689779544702,-0.03719926095761958,-0.025420180456567375
1974-06-30,-0.08902556003000081,-0.05245536814191758,-0.10324726067993861,-0.07535504792302707,-0.07901124626941568
1974-07-31,-0.07267951511594582,-0.06794789877287935,-0.08398238655993033,-0.08274323028513396,-0.07566803907603666
1974-08-31,-0.07831645666788101,-0.11740013434905522,-0.07068596597419424,-0.14492784728033478,-0.14492784728033478
1974-09-30,0.1597445420929116,0.16636411974924184,0.045585407570637615,0.10882390766500057,0.14205872997926774
1974-10-31,-0.020016283725819907,-0.0628320194836218,-0.06259528871799791,-0.029692651017269468,-0.011731123920276199
1974-11-30,-0.021503482206718404,-0.042049313976239254,-0.00601536991716436,-0.029938070743691002,-0.029829593890361307
1974-12-31,0.12712994101008374,0.08017037529306033,0.06019561295116924,0.0162246301225825,0.00526301861373441
1975-01-31,0.06579027556631771,0.04312853656533734,0.07586441845510915,0.02819095294947328,0.030122313952591795
1975-02-28,0.05666404812734864,0.09387665979728341,0.17896593441875705,0.06686447431056126,0.06189981302827309
1975-03-31,0.0518145891838205,0.03285003424244497,0.08902265663043515,0.054159659419498164,0.06823620860844322
1975-04-30,0.07342336234710514,0.058733772456434685,0.05448737253595903,0.028672292930118505,0.052015380147035925
1975-05-31,0.054162677800804374,0.05966843179070864,0.022665136780073546,0.0437488947667996,0.03627469167688265
1975-06-30,-0.07473567280369708,-0.059533515713268786,-0.08456844432562281,-0.07500615538305512,-0.07948321496773098
1975-07-31,-0.029079141637623887,-0.053555898621832965,-0.03731023198416606,-0.05019099051663029,-0.06553400733763476
1975-08-31,-0.03968186175277902,-0.03581195586101141,-0.04976891007439357,-0.053040708397270084,-0.05623426808692198
1975-09-30,0.07235276645106602,0.07978012521654289,0.08373100006025436,0.05115789774472687,0.09847382032205326
1975-10-31,0.02152402747619569,0.0004319197293623183,0.017911840309531545,0.024316405482964695,0.025668878427410058
1975-11-30,-0.016859204013755978,0.0029223568085536733,-0.001304067327790244,0.0007348042811540122,0.012311204383601247
1975-12-31,0.19578919513442836,0.15271514528651906,0.10128176040007078,0.14185703555747137,0.14918041134954851
1976-01-31,-0.029623046819881628,0.007537404635210202,-0.013508812454692326,0.01849094954800504,0.004815384132495695
1976-02-29,0.06340402063740304,-0.0079075414558282,-0.004847272531089469,0.006465342167846838,0.007869148492122906
1976-03-31,0.014222995964476908,-0.006115964379799463,0.014033269381397434,0.002295702308968402,0.008923330820691673
1976-04-30,-0.025041791334370594,-0.02987731971606532,-0.045470617172442725,-0.017224229195313207,-0.019831797546163026
1976-05-31,0.09362170474374988,0.07861816731524979,0.06659888351760553,0.08246911449333698,0.0753720678463821
1976-06-30,-0.0037796197035795676,-0.010873899006920457,-0.030988970440588706,-0.008088360014143573,-0.013159258617634562
1976-07-31,-0.004188807615160865,-0.024097911444163327,-0.016502045456925362,-0.014107056822154343,-0.01265894731042815
1976-08-31,0.021190681871381668,0.03251982754496239,0.02871369546110411,0.03352096356248158,0.039252930015881676
1976-09-30,-0.02170045719528359,-0.04355645811512549,-0.013638838510529513,-0.027421559425163333,-0.013769078046529076
1976-10-31,0.03133795532555003,0.023803047988080944,0.04804346855286385,0.04307662333649862,0.04741125843392627
1976-11-30,0.0783900847860553,0.05395664401748901,0.05640260558999636,0.05245612154404342,0.06329343220187765
1976-12-31,-0.008730404486410196,-0.026492694008684703,-0.014559384106357145,-0.021762848781094208,-0.0054524566850331175
1977-01-31,0.0031894038816155886,-0.024937765876843283,-0.029150108564226323,-0.030715520972499077,-0.015855229797575712
1977-02-28,-0.006768240900731655,-0.006427733956036417,-0.004596169209143279,-0.009489044721410581,-0.00696151630611494
1977-03-31,0.023269030048814452,0.01222709556023347,0.03091316369959538,0.022562055492360174,0.028643327723274117
1977-04-30,-0.0034481637731024473,-0.005260202181152335,-0.006535056005746581,-0.005258714054094606,-0.011967932093418898
1977-05-31,0.10193303708290546,0.07773530697815258,0.05346466429851445,0.08461441885120759,0.09812949353297783
1977-06-30,-0.03463902575657574,-0.015709035799489967,-0.022281969991675876,-0.034067109139375516,-0.034067109139375516
1977-07-31,-0.04442771412558197,-0.03821378827924394,-0.016415508278635287,-0.0467251560504674,-0.05157120290348776
1977-08-31,-0.012791439624360572,-0.0153566450718593,-0.03533713148898882,-0.016491745605670027,-0.004574909709045276
1977-09-30,-0.04393130830970796,-0.029014181687671375,-0.05957404582801656,-0.06332313903429898,-0.06324392560410277
1977-10-31,0.06102495360237523,0.07578759322572308,0.06223910648539716,0.037061720453711734,0.035766911229374955
1977-11-30,0.028615089948331212,0.010871100728839964,0.023883448898364124,0.007797427302845078,0.006333041498403256
1977-12-31,-0.0400474985601225,-0.06308441193072835,-0.039753447002584354,-0.045494749789900917,-0.04105726271710333
1978-01-31,-0.01376027660638592,-0.015686818326543162,-0.006129431242097268,-0.01834458453815015,-0.021017582753645996
1978-02-28,0.030421845364875355,0.021930463989142068,0.023900002288929644,0.020131202882756816,0.020131202882756816
1978-03-31,0.12306325675764963,0.12347394900622782,0.1292317229399271,0.1304889722472619,0.13259416464646767
1978-04-30,0.03979950637332095,0.05341376831868085,0.05566499675032039,0.03507455916375604,0.04341434280873188
1978-05-31,-0.021001623997229543,-0.011171511677320462,-0.009635853422230313,-0.003691636857436921,-0.01595285157807435
1978-06-30,0.04840959197443798,0.06539454143207571,0.08528771731692367,0.08908953512692591,0.05687659731441179
1978-07-31,0.053427542227782225,0.057750540643104066,0.055258181767652396,0.06259957376444927,0.05577630759794042
1978-08-31,-0.04573198309410242,-0.04267548918352123,-0.05261142137012954,-0.05377742999318388,-0.04692627556918637
1978-09-30,-0.19823945768220372,-0.1689501617482996,-0.14557890389283576,-0.17246830663872859,-0.16836385856767608
1978-10-31,0.07248722782751171,0.06057509544409064,0.057317986392637334,0.04148490568244027,0.04413359021262698
1978-11-30,0.0353709743651743,0.04753152485533615,0.029866759618483438,0.05303581109677158,0.059504729462334476
1978-12-31,0.07589514278799316,0.052507985436022676,0.0157062796006848,0.038860768743161384,0.04929322005077445
1979-01-31,-0.11239252295599891,-0.07448757904095825,-0.06599706321042832,-0.13596894582944924,-0.13530345596283042
1979-02-28,0.08372161016701724,0.05477541889894029,0.1072393020392752,0.04042444772208697,0.051582086057285544
1979-03-31,0.014561391526826275,0.007512857836508003,0.012252497868979091,0.019487923150132456,0.01782336535380796
1979-04-30,-0.07572249735289557,-0.09713912797403411,-0.05928168850651097,-0.10664559618798139,-0.10664559618798136
1979-05-31,-0.015572210427435524,0.0158039599223615,0.02585026671319842,0.0006713034556887423,-0.032135896951177405
1979-06-30,-0.03633548465529836,-0.034530103065378466,0.0018928844053157645,-0.01923460858739704,-0.019046866445177613
1979-07-31,0.07876940767730717,0.0470110580351079,0.07439281966930768,0.034355647160140695,0.023945578311757913
1979-08-31,0.008423715974293202,-0.008337889408892695,-0.022583546165612346,-0.009848796038244836,-0.004584057978296709
1979-09-30,-0.04043790527582147,-0.08094085535688832,-0.08484777453989731,-0.06507598149305342,-0.06638705031227078
1979-10-31,0.09502652476884475,0.12801544717048421,0.0927948958749468,0.08218331992093744,0.08190004487045852
1979-11-30,0.023650061174941475,0.0200055480335503,0.010592032334753653,0.03750028968365185,0.029799923620011194
1979-12-31,0.10750466486468578,0.11169751911195322,0.07336675896056287,0.128245907095132,0.11368680597228145
1980-01-31,-0.0789407966226025,-0.08670007953025351,-0.09067151049792321,-0.07444784039028123,-0.08095051088985952
1980-02-29,-0.12963106464569182,-0.11133366997688504,-0.09070144202748559,-0.1263353761809314,-0.1263353761809314
1980-03-31,0.017367231030374478,-0.02726614741589646,-0.00273764698364493,-0.04967616496575105,-0.04967616496575105
1980-04-30,0.014922157624717911,0.017132910468731624,0.02892555602755375,0.01074093769951249,0.018753858177716885
1980-05-31,0.021264770718915717,0.00767275462884805,0.025821540873742325,0.01875093547844852,0.025835376944826387
1980-06-30,0.11696793602129121,0.0933842016550348,0.06618822285317491,0.07092009312371231,0.09232746765330743
1980-07-31,-0.0038003750644730137,9.714397440112001e-05,-0.006612914066465636,-0.07780622562941698,-0.07946274386673036
1980-08-31,0.011471798716885835,-0.006335884740917021,0.01550746031398315,0.019734554696106896,0.0352357273092757
1980-09-30,-0.016295772108791066,-0.020988501903349624,-0.0006239857512400595,-0.016715130980872354,-0.011459851483395601
1980-10-31,0.10140582883017245,0.07140472207344871,0.14655229590218638,0.1254824376069725,0.13406530574094624
1980-11-30,-0.07443420012614302,-0.07358529819252828,-0.10185877927235344,-0.10015655970583648,-0.10015655970583648
1980-12-31,-0.030391042009628978,-0.06758286154316305,-0.07620912672186651,-0.05729035742656404,-0.035197181815250014
1981-01-31,0.0008557821903881171,-0.010310125024532383,0.027628225624801068,0.011903010466021362,0.02294920967442759
1981-02-28,0.013925808777027185,0.043090016724944134,0.09782052260638316,0.05161934341180746,0.06181753219315451
1981-03-31,0.016963675738815482,-0.000643168663747267,-0.02585265887582742,-0.012089728466335112,0.003966838797179184
1981-04-30,-0.00402654292443684,0.02466475485426232,0.013639490834669794,0.009037625944934806,0.021087050832008875
1981-05-31,-0.01194541434293741,-0.007587563806793587,-0.002330128053224292,-0.027842251527593797,-0.029347992571556646
1981-06-30,-0.06314562963615221,-0.03523992710058611,-0.04865559335978971,-0.0803018172612956,-0.07670243039506518
1981-07-31,-0.060253491121430774,-0.06204101478903157,-0.05833991747011412,-0.044963396260291416,-0.04763981863910141
1981-08-31,-0.05973840364218444,-0.056410818674011,-0.10176849074608246,-0.07632232067770613,-0.06517872118258554
1981-09-30,0.07076289170228002,0.08970345506278694,0.09006462404576134,0.07592117618996345,0.07371995895885335
1981-10-31,0.021305116756487556,0.03168977623426058,0.03173424814675659,0.019345963341515882,0.017939705882010343
1981-11-30,-0.003494831394762001,-0.01938348277602937,-0.010617886382925934,-0.026329483407959008,-0.036992667908981994
1981-12-31,-0.01710413768556289,-0.016478218675158085,0.003331911391776923,-0.024581317252859485,-0.027314950475272156
1982-01-31,-0.04625816539804082,-0.029029551863496983,-0.04403838103556537,-0.02220434711405004,-0.023947273608690277
1982-02-28,0.024090202172591012,0.006703655201310274,0.009176356796345883,0.015417743952281899,0.012664945448947508
1982-03-31,0.05074222036259391,0.06265164469829038,0.056889346994565534,0.04696025811325057,0.05289046760683705
1982-04-30,-0.026342297835863872,-0.024235068143644563,-0.031325421439524444,-0.02917649446145585,-0.03399169922828621
1982-05-31,0.012690945173152971,0.023552072174920627,0.018648290701963447,0.01175105239229076,0.01032592047849521
1982-06-30,-0.03083386495469098,0.003686583193495327,0.0006097520503454615,-0.02034560764314159,-0.03131298936874921
1982-07-31,0.09575237026314987,0.10539162346403362,0.105075220912991,0.13944217281935545,0.1272909580256869
1982-08-31,0.04489047694780778,0.05114193613995576,0.04310269577036693,0.024462518298173936,0.028516160559511953
1982-09-30,0.13865425749356794,0.15570479434864617,0.1684754707390256,0.16084286066012246,0.15028737557382518
1982-10-31,0.08919176039151523,0.1086108116050734,0.1267107795797323,0.12715640111908094,0.13550751989636695
1982-11-30,-0.07436984635354185,-0.044873522689262126,-0.07248473549962473,-0.06584425832790927,-0.058101162641303106
1982-12-31,0.015877855752960843,0.022869571647976168,0.02332160553443595,0.03953403273861179,0.011189369049617245
1983-01-31,0.04095165979340066,0.05204545884071303,0.03762840587113684,0.040747832982194275,0.0364928005790876
1983-02-28,0.06850758986750409,0.056069660726752436,0.016504242238376692,0.025345363265682787,0.030926710674913996
1983-03-31,0.03804695763185722,-0.00782695273138022,0.0279433669592359,0.0035152746536956216,0.01153229940963518
1983-04-30,0.0012906021650251416,0.02522854581093013,0.007743260004390784,0.004217389896129201,-0.01856806654388776
1983-05-31,0.04773644496772906,0.059684018049279336,0.04444267957529026,0.04502743428316616,0.04036432897388939
1983-06-30,-0.09810744272398701,-0.07426895968393891,-0.07925882165967736,-0.08761267496057905,-0.09826475361481811
1983-07-31,-0.07565770189615682,-0.05755523016972118,-0.056676520620739815,-0.05197728753377332,-0.0585116109686215
1983-08-31,0.005424973178064563,0.039819984539340485,0.02615823333987602,0.025149420290198538,0.017869348330422478
1983-09-30,-0.07308413816920854,-0.06290463195991691,-0.052758416174111755,-0.054149266056962866,-0.054530524813176634
1983-10-31,0.06232934199805138,0.03083145184989318,0.042683324617246936,0.019439768158753992,0.022509712514724858
1983-11-30,0.08917328583761679,-0.013944734252231836,-0.027329972754875833,-0.033504797618388295,0.09059434503952875
1983-12-31,-0.06517041536428458,-0.06217647115950785,-0.05981343514969347,-0.07322555981507371,-0.07076894189677244
1984-01-31,-0.06899766086183876,-0.07811974210680066,-0.06803478223901367,-0.05267775232975885,-0.05210699591903557
1984-02-29,0.021141260789166363,0.017263699861258013,0.004598843680260372,-0.009677665087577886,-0.00801520671165295
1984-03-31,-0.002532064179201219,-0.0025079772849376145,-0.0016953224203290324,-0.009283286417036792,-0.00861186154961399
1984-04-30,-0.11508090100037048,-0.10530107253297771,-0.08505431544101766,-0.1002278820860997,-0.07708792147482044
1984-05-31,0.005901465882966154,0.032711840639908334,0.022517824008084417,0.012080112009979877,0.007986455749876244
1984-06-30,-0.03586423812828529,-0.04283487629824713,-0.03139217879703816,-0.019351192278460303,-0.015677229469179942
1984-07-31,0.09296084078191862,0.08971255549480857,0.0796582318322549,0.07130122362842758,0.0813746527016844
1984-08-31,-0.009677312325606445,-0.032196290177385185,-0.015083642957884346,-0.03509563503415872,-0.0357778724164612
1984-09-30,0.017509183327753246,0.010708917211288896,0.02505956418196365,0.021250673446085864,0.02419694876783909
1984-10-31,-0.013293383014986181,-0.005137751815711239,-0.010144608905552445,-0.006356586005353052,-0.013234831546289268
1984-11-30,-0.052617974209550285,-0.0035221684857795147,0.0038927112428332558,0.0028652698320645875,-0.02028623550203785
1984-12-31,0.08221749802069117,0.09459434282878734,0.05610345512848607,0.05135147803090958,0.045834275795839076
1985-01-31,0.001804284523288803,0.028137977572460077,0.01426239079449845,0.009691151611313892,0.015355010952694311
1985-02-28,-0.002671438258366484,-0.03878988689750992,-0.027507809911420638,-0.020791538825291146,-0.003466512987982604
1985-03-31,-0.008802853407102669,-0.008052997707469643,-0.002030201974518914,-0.00623423650168678,-0.003713285870604746
1985-04-30,0.07759630066151468,0.0883020727187998,0.07486832657496398,0.07851107976329891,0.08083774570325078
1985-05-31,0.009085137425683336,0.018554359805751715,0.021824388888268965,0.017454630558005328,0.02395320340967086
1985-06-30,-0.007369370924083525,-0.019921835376409913,-0.03213503496337668,-0.017926425368790987,-0.01830451475350142
1985-07-31,-0.010722750302328905,-0.006786116981954138,-0.006579360377589702,-0.009178281089869986,-0.011267712176291803
1985-08-31,-0.07429204298919627,-0.05776765350295892,-0.06085142281231526,-0.03699409739744363,-0.038214454647457846
1985-09-30,0.07281795383097668,0.02875326384909364,0.02071451253528038,0.03945564219753188,0.02896933984220543
1985-10-31,0.0970343124534662,0.10193223114126516,0.07842465777253149,0.09734556186650209,0.0995924868350465
1985-11-30,0.024937093594577932,0.02936205459311871,0.02183192730707297,0.02032829123533096,0.019434739904474665
1985-12-31,0.04372149024070914,0.033370174581061215,0.036850153563604354,0.018806483169256524,0.022058918485190496
1986-01-31,0.09140246083256079,0.08810916633258743,0.09597628420760702,0.07524502362738893,0.08221379357757971
1986-02-28,0.0213836161772049,0.025472007655263588,0.031203186360202157,0.015217819784037767,0.008375680446540702
1986-03-31,0.003734694167698619,0.003434191288319346,0.013879942320960454,-0.011961978731952679,-0.014683863744558252
1986-04-30,0.01217834026290896,-0.00041288091010412256,0.006462142567760467,-0.020918903401012056,-0.018303746932702824
1986-05-31,-0.06753912351981169,-0.06640683222097847,-0.013400175415671055,-0.06829096907907593,-0.07437127394054936
1986-06-30,-0.11130432008062241,-0.11881232986112102,-0.11847742405387947,-0.11088269845266858,-0.10164695994235488
1986-07-31,0.03403441060510803,0.021881011525341474,0.02983916605116521,0.03091757152518786,0.029116846995032003
1986-08-31,-0.10398093413756947,-0.09376211989394567,-0.10768125186954829,-0.08808257243057951,-0.0924659853388843
1986-09-30,0.06304211849030314,0.06151737119174114,0.050745383178615266,0.03320353929248507,0.034654555386247704
1986-10-31,-0.0016507750538802472,0.004986973211725913,-0.001637016955024026,-0.0021966582568244755,0.003067195341956761
1986-11-30,-0.041834956424117296,-0.02924514184711609,-0.02962828737411946,-0.0356193190516719,-0.0377265178705357
1986-12-31,0.12615803049543825,0.12313887014884138,0.15598528312926782,0.14750230481484725,0.13869130631621546
1987-01-31,0.06259106741134879,0.025355640925915423,0.06791079349129231,0.04582239104057175,0.05580415834563249
1987-02-28,0.020327203937453815,0.05436220214021885,0.026684828535478985,0.0239576023494389,0.02132216637870366
1987-03-31,-0.03145658951171732,-0.009009158682837406,0.014812515766120318,-0.013905240688430149,-0.024832326204675268
1987-04-30,-0.011041814306424537,-0.018244513228476943,-0.007347384946936094,-0.00975783944627936,-0.02814885031764577
1987-05-31,0.0006634740253881688,-0.011324861921976858,-0.011965679570697647,-0.01937651373855599,-0.011372754305923782
1987-06-30,0.03632732949091331,0.03061210133835571,0.057473304111298494,0.03207307646625078,0.01810772928057115
1987-07-31,0.034974169711332326,0.04142768470879634,0.031659717510717084,0.024764296767260364,0.026444813849905602
1987-08-31,-0.03408307174994248,-0.02231407768672478,-0.012293465513394067,0.0014685088808231962,-0.004425432475446111
1987-09-30,-0.30551778380165456,-0.29858093883214626,-0.2735844500249764,-0.3063019167576213,-0.3071902595545151
1987-10-31,-0.06095855757080652,-0.047697758799118375,-0.06623840957105943,-0.04915856710330596,-0.05548776617577004
1987-11-30,0.12605865839457076,0.06365462381221831,0.0275783736444363,0.0446765016026456,0.06755863411294798
1987-12-31,-0.020634272458637058,0.03471134612648139,0.054387019431574646,0.010604380024088027,-0.008088022542648357
1988-01-31,0.11038209392464353,0.0697279138055642,0.031008708969649232,0.033826037283641065,0.04558550880643841
1988-02-29,-0.0010814258423881573,-0.03865923280811925,-0.012971871882019597,-0.023924012990059425,-0.017811444885925357
1988-03-31,0.014333368752296181,-0.003889748449056677,0.02414352585846448,0.008111092757472736,0.015206998097535774
1988-04-30,-0.03270330990934079,-0.0009204113763849772,-0.015061299926528585,-0.0270872612716937,-0.02687081661699218
1988-05-31,0.07748798442683412,0.09151942747495377,0.09845432594088023,0.07542513827205846,0.0766381864024045
1988-06-30,-0.023999472439933868,-0.022112548990281415,-0.019833222123450706,-0.0203269569279566,-0.02514505365400777
1988-07-31,-0.06506773083085463,-0.053343535524388294,-0.05222532791682858,-0.054580817354198674,-0.0627929227266423
1988-08-31,0.05163409900341905,0.04100873215429147,0.051269358026026834,0.04381832036655232,0.048208004026325704
1988-09-30,0.019836187826856304,-0.0069181349934555915,-0.009569436854829945,-0.010840658659850424,0.0020827539539152247
1988-10-31,-0.022949535641463313,-0.023770379593940058,-0.02642510374172894,-0.028070831938442786,-0.022448914510418336
1988-11-30,0.015586350218379418,0.0034390086828390465,-0.0007328301545499042,0.00388528203680251,0.0005630019932749886
1988-12-31,0.06409459560622593,0.07529639100064865,0.05552157284419585,0.06566255921925407,0.061113336230021784
1989-01-31,0.012137597862073433,-0.001102377117264975,0.0007882928835108427,-0.0093532028655664,-0.00302177347424181
1989-02-28,0.017571919875479264,0.03923367805454557,0.021209045141544116,0.03720700282077757,0.035330952292562605
1989-03-31,0.07390331655659366,0.07976433697956979,0.07764143961893026,0.07067938082653476,0.07021336462827198
1989-04-30,0.04389466896935777,0.037716474106296395,0.026435220178948494,0.04093387387132714,0.04845713550771811
1989-05-31,-0.025118196974582018,-0.028197788230785795,-0.024586079846412433,-0.05351019423595665,-0.05528118063541732
1989-06-30,0.09914870431193078,0.07707697847262292,0.0768720550430446,0.07967830731889336,0.08112901840880593
1989-07-31,0.0417168841104501,0.03425645591628397,0.03098328332209702,0.014408345682177465,0.015622560936999205
1989-08-31,0.01434072278358249,0.002730141354787069,-0.007386138025033301,-0.001640593614009151,0.0024226400204958236
1989-09-30,-0.05200700680489453,-0.04654565904323885,-0.05239195473771712,-0.04546509227267174,-0.04884348803124528
1989-10-31,0.021180747396314616,0.018506064192830945,0.026744345318120075,0.02384047654070674,0.0267964040796491
1989-11-30,0.015104493722862279,-0.006669433825502985,-0.004646740169764615,0.007178342308202003,0.009889838465163968
1989-12-31,-0.08923031451309872,-0.092900736828288,-0.06679845259686741,-0.10297320450424607,-0.10400255793666949
1990-01-31,0.02895633964963035,0.030038374567639692,0.026335063472483138,0.036835203555431545,0.040868475172312256
1990-02-28,0.02759720694232551,0.036608340408364054,0.04087880846734122,0.050804460960865674,0.044580133948981686
1990-03-31,-0.017992905636458802,-0.03528864008382543,-0.04420194243689005,-0.034329156084261486,-0.03373060598323065
1990-04-30,0.11836544401978324,0.11688630021032435,0.12615008668956407,0.11311861387150851,0.11222357360718188
1990-05-31,-0.008695491216375032,-0.020200748115836564,-0.024495187344997203,-0.025250654716778786,-0.02230860970393837
1990-06-30,-0.018583563083263546,-0.05395613943364046,-0.04737964319940916,-0.035003668755249594,-0.04169731568195228
1990-07-31,-0.12060053739696747,-0.14598972809100458,-0.10581211320461674,-0.11658241449365682,-0.11651149358647546
1990-08-31,-0.08967195484400435,-0.10578503410798737,-0.0792968883551639,-0.05679234710327368,-0.059689111704474114
1990-09-30,-0.04841898133659329,-0.02431638807413042,-0.020579917870757115,-0.030714047209365034,-0.027922903289852592
1990-10-31,0.06767751852063753,0.05877543330472055,0.04676869363664783,0.052246655487518445,0.0501947499469389
1990-11-30,0.004169824677894888,0.008386867074775806,0.008970785790411138,0.027594944750844314,0.027487377774936914
1990-12-31,0.06501952885699475,0.02976897457456381,0.04518139145740515,0.059987598804220534,0.05363964922954166
1991-01-31,0.0721749752512615,0.06768039088980746,0.09660466314210202,0.10742539541875934,0.09785703377997658
1991-02-28,0.07028179830428073,0.07358509955884328,0.08596323176104838,0.07624378125517103,0.0686537393311517
1991-03-31,-0.03845762789392183,-0.00391158173580782,-0.0008535539547746561,-0.024820328952937884,-0.025877177340367066
1991-04-30,0.039492427767702565,0.060442371879857945,0.0759437419800358,0.04513112842211413,0.03936162819833263
1991-05-31,-0.0759033865692551,-0.0828013638187045,-0.06490190402403118,-0.09038121872730144,-0.09466259048242473
1991-06-30,0.06661573745055023,0.06897676534651388,0.07286299533571605,0.04517351449238459,0.050242608619562715
1991-07-31,0.04944534265960428,0.0607767298879928,0.05587472538924173,0.06287887421371044,0.05809634682042508
1991-08-31,-0.008796722780707337,-0.01452193583930743,-0.011197260899454876,-0.01369676875081893,-0.0064044345137952855
1991-09-30,0.038052843961711005,0.031899495883986016,0.04032394541111495,0.021833566058073985,0.007153827902545048
1991-10-31,-0.05141948095923597,-0.05294113134851964,-0.05009893699058639,-0.052202166144951774,-0.048712058318201426
1991-11-30,0.13135094832503896,0.12052202646064299,0.12620536197860505,0.11849222753559792,0.12538816138040834
1991-12-31,0.05640119092057264,0.031986984261927316,0.03454046677649164,0.03033625759313586,0.018056510263454065
1992-01-31,0.02668017524568693,-0.0037714441326875538,-0.0007846327446636763,0.000722884995877911,0.002903574038335387
1992-02-29,-0.08307906836860335,-0.10747176817319977,-0.09577550177226399,-0.10242196227186298,-0.08634199245447777
1992-03-31,-0.029695030767447252,-0.021528197575529515,-0.025346878061843946,-0.003915237810402794,-0.02173319783511263
1992-04-30,-0.03453779773133952,-0.021611813947695412,-0.016391396248539775,-0.026778473605830917,-0.022187445558438088
1992-05-31,-0.06885615681377198,-0.0724303080133811,-0.05734768520232627,-0.07936492022057386,-0.07112903058843406
1992-06-30,0.040148082990683585,0.01670939857446007,0.034627078345733885,0.015025662850450587,0.010930604404495354
1992-07-31,-0.05269531641208584,-0.047788235112168564,-0.027047881009768453,-0.04529166685882769,-0.04972847627400316
1992-08-31,0.020691685899087663,0.01261641031949343,0.037972261560503325,0.02578915464282633,0.01781264777405506
1992-09-30,0.041758869716227845,0.013595142449833576,0.027024320959973317,0.026476590937488373,0.02760851869549842
1992-10-31,0.062103988461105424,0.021698998552628718,0.05084136210794482,0.040048327040018046,0.03717437241887503
1992-11-30,0.022533528628183523,0.017353563919041363,0.019026044330575673,0.01641986611278756,0.016688199019381105
1992-12-31,0.013337675913722636,0.016693689681603577,0.04212187599880905,0.005696969130128094,-0.0016047091203085025
1993-01-31,0.018503344174132255,-0.007810228026564884,-0.023109268979600032,-0.015323441670258318,-0.003617979877337296
1993-02-28,0.03878317274115174,0.02309442061035877,0.022005490495605157,0.02116879309197883,0.016073163339251486
1993-03-31,-0.03373075924881702,-0.024502994887808917,-0.015002843356796395,-0.022548562885480634,-0.025771070914009563
1993-04-30,0.030977534607687113,0.06680775751655962,0.05062802555683875,0.06039589695585411,0.06006099448617733
1993-05-31,0.010622623393431582,0.009012412465234636,-0.002966452928592009,0.023673442389320048,0.02069604608156601
1993-06-30,0.0010588177017050223,0.00835861175462745,-0.002522906150753055,0.0012161392150071503,0.00904351222160953
1993-07-31,0.07400079034845986,0.06837195484591407,0.056607349206767216,0.06679706003670247,0.0629190963974319
1993-08-31,0.007514068928790018,-0.0018465216332275904,0.016697318731092925,0.007899632846946237,0.008665427330573365
1993-09-30,-0.047658626096501275,-0.033950228827878966,-0.03560823727899251,-0.03719175195718315,-0.03812309398658545
1993-10-31,-0.05427529694980077,-0.043255060976021754,-0.05020843809751438,-0.048055948472743235,-0.05078706801629826
1993-11-30,0.05674762784403786,0.048528891411151916,0.03713320413166509,0.03823957714634723,0.046503508035521224
1993-12-31,0.03891621230805054,0.03220324985868036,0.02585567501336343,0.02759636866234032,0.02304110873868549
1994-01-31,-0.013801010661884706,-0.0002960339807968077,-0.019212689117138176,-0.004961587124220372,-0.00017502706984408247
1994-02-28,-0.05977782424253987,-0.07092583328358756,-0.08367326104359468,-0.0718791965659926,-0.07085157461675999
1994-03-31,-0.029829491640454838,-0.006901063152122337,-0.01701565645677056,-0.03466457695744794,-0.03417415521824337
1994-04-30,-0.01922295834439277,0.006228688314244779,-0.008126799162303456,-0.020656235887462883,-0.01581381031628657
1994-05-31,-0.03342833036228461,-0.0405715620015054,-0.02264522968130742,-0.03021402377413155,-0.033786043917284514
1994-06-30,0.0326898836367767,0.04328616981537065,0.037378060996650024,0.020782507333494706,0.02315376365060908
1994-07-31,0.06571757019753786,0.04069740986202013,0.03257744412393466,0.03579153418225989,0.04735901891325343
1994-08-31,-0.025002210845737033,-0.013157412509706227,-0.01547186811554246,-0.021557972849176606,-0.022122024113530925
1994-09-30,0.031355240999563806,0.027125400023289552,0.028417015588932473,0.020623022477919306,0.021784454139096535
1994-10-31,-0.04323655264497608,-0.040099928879674694,-0.029181208594551908,-0.040512885475563906,-0.03345991882198235
1994-11-30,-0.01708182736681017,-0.021184142869727345,-0.011910797906331356,-0.017092807584973238,-0.02453254148967961
1994-12-31,-0.008290688420762951,0.007112818292033281,-0.002508557322966243,0.0052921704579274,0.0027817710305677655
1995-01-31,0.06065549816674729,0.056355990711364906,0.046915529465158826,0.04472582167457131,0.039366376187756735
1995-02-28,0.028603533076666098,0.035501148757399424,0.022440286480881668,0.03456613310595837,0.036550978219438084
1995-03-31,0.024719663680953866,0.030718138409909328,0.0186684108892153,0.023490311652556575,0.02680887914783274
1995-04-30,0.012427225450258825,0.014231845950619434,0.00902782188550871,0.010337516346630356,0.00881320043878948
1995-05-31,0.05548404147392093,0.03938146917668069,0.03180826591574969,0.0023820694316063285,0.016457402308328435
1995-06-30,0.06404266370368188,0.08036425619427444,0.08083175846264978,0.08383592894224472,0.08291078021111231
1995-07-31,-0.021153315619061176,-0.006905376031960968,-0.009601177912663612,-0.010663617164018072,-0.02099764349186411
1995-08-31,0.027504241642150404,-0.007972217583841397,-0.0009824035550987406,-0.00778223417694856,0.0009217822968753274
1995-09-30,-0.0381275987550591,-0.03015052944196723,-0.03315032492300429,-0.03290697656729678,-0.03639171555593896
1995-10-31,0.048687081573155475,0.07320633970864071,0.07448854937440046,0.05670117946286942,0.05186322345465205
1995-11-30,-0.030632707723164215,-0.02130295875932082,0.0019294760441723982,-0.02790408292083369,-0.042649603089692574
1995-12-31,0.008319002079357655,-0.006046876555987013,0.007930213869456288,0.024912980989655793,0.02781310901851394
1996-01-31,0.014788664389267878,0.00859391802530687,0.005809930373749308,-0.009107998763137136,-0.0018841414869919155
1996-02-29,0.003083764178922812,-0.00045321907685353963,0.017299120694795188,0.005054896491743662,0.006224005160095532
1996-03-31,0.03694181909580876,0.02878444050579593,0.02586763720145129,0.036141591769573704,0.03598675268280328
1996-04-30,0.035845439458099884,0.019204583190507715,0.03388426536374662,0.02907708009062151,0.028352687527461052
1996-05-31,-0.0677657123043655,-0.05948741799810111,-0.07047417024746015,-0.08397348795029169,-0.08196172217622481
1996-06-30,-0.09211645065728372,-0.10074031006433082,-0.08863336377126343,-0.09178891543220614,-0.08200396209018995
1996-07-31,0.060548138708989487,0.05467905980054726,0.05408037949518418,0.05182947792550188,0.04212917071421686
1996-08-31,0.05000717012658926,0.0410768460000065,0.050211884759582735,0.04620792448968226,0.04634585001471423
1996-09-30,0.034300413169836674,0.025153480076927123,0.02239211433519467,0.02268476698263959,0.024192051665663416
1996-10-31,0.04874940933133589,0.048978731529116325,0.05733802393482512,0.058335259847602385,0.05814842543708412
1996-11-30,-0.04436960105564349,-0.05202965744134758,-0.024723128631018502,-0.0472449037172658,-0.05265462123727507
1996-12-31,0.04195418961803291,0.06397511704426158,0.07491508617295733,0.03490121201568444,0.03226066869689962
1997-01-31,-0.02454599963334392,-0.018434763819372636,-0.023476479420736693,-0.023186570166621498,-0.028151214046968624
1997-02-28,-0.045080260711405765,-0.04647081893550105,-0.042328734935838004,-0.05315640992231755,-0.06621173217145876
1997-03-31,0.01789223135632476,0.01787937132610955,-0.00015301196847558666,-0.009644752044406638,0.006906197314325506
1997-04-30,0.04663584530372648,0.05078896537195265,0.05581282719831638,0.014076001325988957,0.014568548269781467
1997-05-31,0.04606147387515246,0.029358310283565194,0.014117502012013668,0.01990672185729213,0.016936782594659004
1997-06-30,0.04931199265816071,0.06570523233474959,0.06834725122747701,0.0652725857750321,0.07199885255558398
1997-07-31,-0.03352416207912894,-0.041234498075193284,-0.03541827878537116,-0.04912514698812104,-0.039601399211662204
1997-08-31,0.028105493566709546,0.04266050419015169,0.04460896179595976,0.023222490492900726,0.024969181173808665
1997-09-30,-0.09100849775786236,-0.06320237447153286,-0.08822264720175946,-0.0924979591653226,-0.08999498796772602
1997-10-31,-0.013141058525727644,-0.009529367561874957,-0.029157526472242217,0.00027149682971324557,0.007757071494845886
1997-11-30,0.021550770078770227,-0.005969687620336629,-0.011451217829181872,0.0044486218589698786,-0.005047155397299262
1997-12-31,-0.01298132418682179,-0.010123272613980478,-0.00018630553735435283,-0.024291769028424854,-0.028993457922782656
1998-01-31,0.06144828646595946,0.06920837813096628,0.05909009768229097,0.05767626211171023,0.05949229515705163
1998-02-28,0.032481136524084964,0.039612471105054975,0.029285718639782833,0.027597888836733035,0.025789369344013272
1998-03-31,-0.015802114333683472,-0.028791250338816767,-0.00891632097325944,-0.019875713836678202,-0.024415607051556737
1998-04-30,-0.055673066233599404,-0.049627845877756614,-0.05680600989457337,-0.05581768766458596,-0.054062976737101386
1998-05-31,0.01836588011553842,0.020364277612776024,0.007782604324199369,0.004217789419821899,-0.0021076888246177677
1998-06-30,-0.020732988774965665,-0.0352987805357461,-0.04799396150898545,-0.054952560496373655,-0.059252923074660416
1998-07-31,-0.20654115206905177,-0.20338127522162383,-0.2007427585563506,-0.20988467904698488,-0.19443695654981133
1998-08-31,0.08856281360581406,0.06919151015914476,0.07059534914986701,0.06699134288432444,0.05682281091130458
1998-09-30,0.05044144033893717,0.0381129140178582,0.03405805248354871,0.020536392595583618,0.02259110307324464
1998-10-31,0.04310096036056034,0.05496528952491455,0.048621732179099354,0.0604032176766322,0.05470382528465702
1998-11-30,0.09440393475215289,0.08394652220820104,0.07012127072443937,0.1060343480106426,0.10386699956851757
1998-12-31,0.036505494955183855,0.054043315292999536,0.05944864799107399,0.055408387960767844,0.05938081063744545
1999-01-31,-0.06786377486199273,-0.0769682056830497,-0.06123677337735239,-0.06673685182370453,-0.0681916435733197
1999-02-28,0.031772517769222394,0.02669605789804754,0.031030106716781428,0.014717579622563974,0.009755174479170405
1999-03-31,0.000460707898980306,0.02987337066686239,0.03873746587336775,0.02095828928007056,0.027802897004647577
1999-04-30,-0.052621015952310675,-0.04984790878015808,-0.05099816124465971,-0.0596159646076025,-0.05560327840344345
1999-05-31,0.05049056947402198,0.06291996945445734,0.026819319476913215,0.06063870944789582,0.05011244643109542
1999-06-30,-0.04198329436834847,-0.04448661400097974,-0.04917851470105717,-0.04119403343344302,-0.04096556191320312
1999-07-31,-0.005526658282907453,-0.008621296624780108,-0.014788858466112545,-0.004562676818647056,-0.0034104490829328796
1999-08-31,-0.007819805682920632,-0.046498185451323656,-0.019093437641980966,-0.028048278239642906,-0.024358602337909426
1999-09-30,0.025220128829253667,-0.013881014512139293,0.020407406213539474,0.01908711726212654,0.02658105959847026
1999-10-31,0.08127687669015472,0.05216733716414879,0.056600905706356126,0.07509085213795165,0.06891261072503635
1999-11-30,0.10656688023973131,0.0906615755557025,0.05429616274875739,0.09796133829966126,0.09420607165230732
1999-12-31,-0.0513679738709517,-0.043265368135696695,-0.05241076600178923,-0.05935072729529252,-0.05818289840161651
2000-01-31,0.14643899771802493,0.1456763728478989,0.09907655733770528,0.16058319626880235,0.1524682125163857
2000-02-29,-0.01312268090085673,-0.02646863619074867,-0.021550360273804338,-0.05130553275240687,-0.05347502206575906
2000-03-31,-0.06656628061710149,-0.07352925228890718,-0.06042578123707913,-0.06296754906414505,-0.058153352539873665
2000-04-30,-0.05246900208908277,-0.05127717724486752,-0.028361343331024146,-0.018846977760588246,-0.021215707324752572
2000-05-31,0.060489147582664375,0.061191678389481814,-0.006012618526709251,0.004309290373713192,0.010127334433455934
2000-06-30,-0.035681596013310786,-0.003849582610454924,0.04670323749182208,-0.002937629893092193,-0.008783482883364852
2000-07-31,0.1091604778924062,0.0856816995330207,0.02964265398886352,0.045244362507114444,0.028375080992590423
2000-08-31,-0.025932634825395796,0.013917864317830342,0.029118444005550366,0.02454603534356941,0.01738223033793799
2000-09-30,-0.03160269900724104,0.022886707167434215,-0.014664531434458252,-0.007989036949991115,0.003427627870842317
2000-10-31,-0.09434529058198092,-0.03584909904499102,-0.05928540917338216,-0.0254561952100283,-0.023194008611313086
2000-11-30,0.08124497616520124,0.0850245593294369,0.07675178862597985,0.06899080969234556,0.06320026990190125
2000-12-31,-0.08354733231919657,-0.06591424460984749,-0.06689407730541497,-0.08137176934234279,-0.07699764799449212
2001-01-31,-0.0007246975133315542,0.01880348552799718,0.010291483532509275,-0.0006918407464005632,-0.0034940960534168863
2001-02-28,-0.05233126634881056,-0.046479631502049666,-0.03620055221111381,-0.037803894295038526,-0.030717257347511028
2001-03-31,0.05701711941035622,0.0629670197440662,0.10217679992247246,0.06483993841669326,0.05026472429190112
2001-04-30,0.021987034297545695,0.04286777344838725,0.03970394216760998,0.03467658514948599,0.03586296695785586
2001-05-31,-0.0470813322296932,-0.026261337945517004,-0.031949462783702524,-0.018356070743540107,-0.018490979576699113
2001-06-30,-0.0012748369104327193,-0.013819608741045411,-0.018263811495195896,-0.011887073355023139,-0.013155173688978842
2001-07-31,-0.021175876515240322,-0.017175952520418796,-0.044157410975258146,-0.03995595113242584,-0.03368050366668875
2001-08-31,-0.0856030318285091,-0.09644770334434459,-0.11689945603690008,-0.10359813590740957,-0.09816435559168274
2001-09-30,0.04776609119306205,0.08569241662479535,0.05012464981914717,0.013885643105479475,0.008997095187774716
2001-10-31,0.04098769230037289,0.04838388842215326,0.023866202817260703,0.03697155271273794,0.04121956129366709
2001-11-30,0.03897800213523029,0.02377093921506978,0.027280747691966936,0.03211131950611376,0.04288819969895374
2001-12-31,0.028732013714167677,0.014310154826795698,-0.004336406416877336,0.0027894611161700285,0.011049074909751475
2002-01-31,-0.0054468220288539215,-0.004212387019883588,-0.02776234002254082,-0.006748823060534596,-0.009663934478216916
2002-02-28,0.04842038536700883,0.04832989879306385,0.06886080944429313,0.023985376423852924,0.022842514247241454
2002-03-31,0.006185545303098233,-0.000882526904520936,-0.0015043445759959373,0.0018522539842771835,0.006054532276942268
2002-04-30,-0.02703340619272789,-0.03899379270692887,-0.017361362168576377,-0.02808476558997948,-0.025188896805610986
2002-05-31,-0.05852763794054583,-0.06324839333358749,-0.0576176928809749,-0.054437527624365226,-0.05682885590339107
2002-06-30,-0.10905019609771299,-0.11675119434853921,-0.10976717901054839,-0.12032711046821615,-0.12309769638769404
2002-07-31,-0.0006126362092422696,0.008980359559356426,0.007995290192894385,-0.008177018250618971,-0.009901742084555984
2002-08-31,-0.0312939481893139,-0.030906145316085907,-0.03127280846639256,-0.033485430512713875,-0.03182991981573982
2002-09-30,0.027112998652005928,0.012836995629428262,0.01629029547145023,0.0037736705089955356,0.012985050371621452
2002-10-31,0.03696191865387331,-0.004220516392885613,0.012727943816198795,0.003322581072284878,-0.007153754312560234
2002-11-30,-0.028179365032603963,-0.017938089229153503,-0.05308528628834863,-0.06619342001315966,-0.047642456894697274
2002-12-31,-0.022902092042951527,-0.012151893456382302,-0.02487797356924213,-0.010911156823616307,-0.013074623309605038
2003-01-31,-0.01342931878604419,-0.0031692822194700214,0.00523246745367274,0.004976134597419497,0.0009318494981455205
2003-02-28,0.0180733204395531,0.024628572149165563,0.017385984634466917,0.021043516224485307,0.01951881266797718
2003-03-31,0.045791528964192925,0.0661045135174517,0.04562900319142475,0.06290841227027966,0.05176691350963728
2003-04-30,0.07192428336606879,0.10778342104283534,0.09523088504244087,0.10122163061554487,0.08830663420989868
2003-05-31,-0.008426204727523963,0.010234141021811114,0.0075788378602420076,0.011725697740725377,0.005825791295996069
2003-06-30,0.02876039486439381,0.034647936165903906,0.05590211656668855,0.041827176129009096,0.04035456141484269
2003-07-31,0.05409512898274206,0.05727406396801672,0.059057348965397195,0.06279100145267141,0.0670854482425682
2003-08-31,0.012208070996430084,-0.01960965139681367,-0.0315010972473348,-0.021738532799253918,-0.018052405686491184
2003-09-30,0.11131720100444314,0.11475972801967707,0.123171193709954,0.11975084452321466,0.11430938116766398
2003-10-31,0.03389150025682122,0.023497786537728813,0.028215620125799222,0.035127928606101394,0.028193891721720092
2003-11-30,0.001563527907962776,0.002328951144347267,-0.0023501872206706073,0.0028447277171976836,-0.000693288873607822
2003-12-31,0.026396072783146277,0.019077833179944194,0.03675470824279102,0.020514088684246926,0.022206022384376974
2004-01-31,0.007967427299810583,0.011168772010204263,0.016040122542679624,0.007094764163446456,-0.0013280426225946104
2004-02-29,0.006837042126542522,0.010555519362111214,0.00767414847718199,0.009493670809385237,0.00746295008077377
2004-03-31,-0.057939435896798445,-0.03985098759964608,-0.03291564916368805,-0.04701745084013028,-0.04651927038008263
2004-04-30,0.035328473075706406,0.03367655902600392,0.031753243859529504,0.013989939741748891,0.01559967526124647
2004-05-31,0.04881840755269989,0.04430378433769549,0.021715880848062828,0.03714370187266059,0.03876847603907815
2004-06-30,-0.047190567601045216,-0.031517437974762044,-0.04964414608418118,-0.03476012052976577,-0.036141009778908884
2004-07-31,-0.03011180073740284,-0.04091652088346172,-0.02861755174383355,-0.031864189434066374,-0.027897354210876205
2004-08-31,0.06370180823204748,0.055062964646364246,0.054014917877289646,0.04475496129063396,0.048791539917280705
2004-09-30,0.004481179478658821,0.005899652290512085,0.015866572514998033,0.011682106741692769,0.009362074635277237
2004-10-31,0.0955473373426086,0.10098400388905748,0.09025115288936932,0.08468918926154725,0.08880856999923527
2004-11-30,0.02879338851469598,0.02764956902272813,0.03856907439552307,0.029204839677166663,0.029249666645251634
2004-12-31,-0.01842211397781619,-0.0263340785077167,-0.03405518438547412,-0.030534029950285504,-0.029564111719774917
2005-01-31,0.029762993904973674,0.03089183518489111,0.030429363892185483,0.04760171692197001,0.04445129355217495
2005-02-28,-0.03202552478792033,-0.03327073756539141,-0.026902029866443796,-0.04103576781431245,-0.04122019634726913
2005-03-31,-0.059950448220684946,-0.05883832189255774,-0.04450984960992483,-0.04919087113973221,-0.0562687045862219
2005-04-30,0.03788585680073617,0.058558733498787305,0.0407227505983545,0.03817503683423436,0.04285508771344528
2005-05-31,0.021769432895952758,0.013751959275565493,0.010083544267301956,0.008312275093809678,0.013837047019008319
2005-06-30,0.06611593491396402,0.05479891467630708,0.05502941948177944,0.06321277630341683,0.06614925456904908
2005-07-31,-0.0025505649181390764,0.007901912853872404,-0.00703492374388211,0.006126669070051533,0.009406054809926971
2005-08-31,0.00587748872142376,0.008994455055666517,0.01573495124664236,0.017956019850262614,0.012871165624970694
2005-09-30,-0.03573764011570955,-0.025388418175582857,-0.04467682230602029,-0.034703056652842505,-0.033004162596291804
2005-10-31,0.060360331350337366,0.05481210900087762,0.05335739991746547,0.05481851691301862,0.049382952800796236
2005-11-30,0.00438318268203901,0.0013830685443838417,0.00019918891064650345,-0.012388642494464811,-0.008657315327743057
2005-12-31,0.10200108056942112,0.11738799446744663,0.09070169121572484,0.11482263345721187,0.11095125134896364
2006-01-31,-0.029414226310953646,-0.02758918345925828,-0.0014113083329403645,-0.027522842662341895,-0.028099243635466464
2006-02-28,0.05946852392389189,0.04920141414166949,0.0559307909456815,0.047506698603331024,0.049399761506610185
2006-03-31,0.008243394518020074,0.019865178574113646,0.020192696925626828,0.010391569180409302,0.011682273621387266
2006-04-30,-0.06308889324717733,-0.05937340498247845,-0.06296433044810017,-0.0628029803793254,-0.06491689997800273
2006-05-31,-0.025337417388170462,-0.022469958665183278,-0.015118402062720455,-0.012985771067233032,-0.011957276578463214
2006-06-30,-0.04621658181399229,-0.04587223021959728,-0.0467490218944223,-0.040530876905865355,-0.04828436121297349
2006-07-31,-0.007128311855736259,-0.013227017365780499,-0.02107595195369984,-0.00454715317132806,-0.0008192200256863455
2006-08-31,0.006936357542020629,0.013505845193480939,0.004192996757319487,0.006141321147531077,0.01304272932819543
2006-09-30,0.04201352015019048,0.04610399824466088,0.041994629832074006,0.042222711373432954,0.04794468555106301
2006-10-31,0.030431743488379504,0.02049669656721352,0.02304948949966485,0.03768236819043468,0.037363638629796594
2006-11-30,0.0011397069604673913,0.006876713886990522,-0.002653195265026103,-0.0069303680381669975,-0.005659397616326006
2006-12-31,0.04757283829650674,0.04852901875104986,0.043494128960039326,0.042498163048791705,0.04382969057445019
2007-01-31,-0.008776004644209745,-0.00912235524210665,0.0018607176438329162,-0.010419381845244656,-0.009855685893855815
2007-02-28,0.0007151566491715272,0.0046098336633405975,9.138167617498723e-05,0.01541355017191252,0.02072431229867241
2007-03-31,0.022285001016819964,0.04096909266245028,0.04061693242965045,0.035763625023228565,0.03532105053059832
2007-04-30,0.03111271570416563,0.04476132279876626,0.04630738762438756,0.04351255235385812,0.04368071853358223
2007-05-31,-0.0344764712316799,-0.02074119609749401,-0.026770746337341132,-0.014931945252817429,-0.01687628942422485
2007-06-30,-0.042368394783183626,-0.03376776741979834,-0.021722392062428625,-0.02985790514529416,-0.03163272397329932
2007-07-31,0.01567516046546317,0.013173474352648979,0.018651401048090658,0.012997614657995805,0.014373382948699862
2007-08-31,0.04604119506543408,0.054897106860067706,0.06407599080857031,0.05977248001139832,0.05507736439126118
2007-09-30,0.03281652473621637,0.027853603662141214,0.030250690754687747,0.04889946690615139,0.046234238804313654
2007-10-31,-0.03967640946233676,-0.033168639920518495,-0.039898902704378694,-0.034068117076993726,-0.030234457234154903
2007-11-30,0.015427917159688035,0.02122495312564865,0.023931779335940494,0.019872113118725096,0.0258499626509601
2007-12-31,-0.09703686468448541,-0.0941905761273227,-0.08328482420860314,-0.09349451013264026,-0.09201813950838683
2008-01-31,0.0007250329595095825,-0.002693992359499296,0.000804721449721527,0.0032725286041340534,0.004414341680659523
2008-02-29,-0.012733875293987996,-0.015261464840523674,-0.016016032588031685,-0.004546429372651118,-0.006554117556921389
2008-03-31,0.08557635316152178,0.07331331143495778,0.0628866501409322,0.0666322716408009,0.06580950073058048
2008-04-30,0.0393549412700021,0.034176610033655005,0.019304996106828985,0.03817534992291506,0.042924835877536
2008-05-31,-0.04062295802064095,-0.04063168426824803,-0.04432974023411644,-0.03951112630613206,-0.03744316021702037
2008-06-30,-0.033316586913449804,-0.03134850712032188,-0.02534150064261603,-0.05057746140229486,-0.05016387264040876
2008-07-31,-0.01611408177070354,-0.01003288818355053,-0.015302391802079254,-0.0048163940250328455,-0.00833357062166495
2008-08-31,-0.1249451249993176,-0.1293013264009196,-0.10128737057570543,-0.10057288255980273,-0.10103786728893972
2008-09-30,-0.20538134377523062,-0.19065392673597045,-0.1515694490964663,-0.16443297348146668,-0.16575482738535174
2008-10-31,-0.1054748419351377,-0.10153912418057477,-0.11245814724902913,-0.087110832499741,-0.08676791970592547
2008-11-30,0.008194967703527423,0.024486203467025902,0.005966740164165447,0.005241125684056408,0.009901533857238742
2008-12-31,-0.06950633532083769,-0.07812149485689769,-0.08746322670339454,-0.08043272958052121,-0.08665051711146778
2009-01-31,-0.09314734967552293,-0.10662798779894946,-0.0855178857814709,-0.08714542739540802,-0.0853637009301159
2009-02-28,0.04577179345184176,0.0489483283811465,0.0670923390596305,0.058923066563057444,0.058821223941193414
2009-03-31,0.040959669288850635,0.037466964169648675,0.10585744586431668,0.06400931734085767,0.05270224438581898
2009-04-30,0.006360927122758437,0.02666353779207921,0.04131680509800679,0.0022131973236614874,-0.010656768178539193
2009-05-31,0.015054499269301823,-0.005468258509738471,-0.0013148899321957074,-0.02439003223835909,-0.022580343903841255
2009-06-30,0.06681107767148736,0.11118902704197023,0.1510740359837578,0.09230287319323716,0.079413035710857
2009-07-31,0.021176159567473294,0.039279333276140894,0.08674281465819796,0.06379381171651194,0.05051399884762472
2009-08-31,0.042715613785130446,0.07520532509246426,0.05103055362387761,0.07296190249435228,0.06482645599734024
2009-09-30,-0.035546873565229786,-0.06191580968737989,-0.06328358027053324,-0.06648340757888027,-0.06197238227066137
2009-10-31,0.05896697848562047,0.07218719432574454,0.06374737064056686,0.06275689555730495,0.06139094430930345
2009-11-30,0.058731420028722246,0.06587966035995146,0.06368198140549687,0.06010903645038209,0.06247419770506666
2009-12-31,-0.05763125019730552,-0.047879030988149406,-0.042742743725209656,-0.05880610028908022,-0.05129837726220116
2010-01-31,0.07223128880712107,0.06955042677585438,0.05899353445016487,0.06569331524214196,0.06334314819999468
2010-02-28,0.09456835857975741,0.09759175133581871,0.0815428265490379,0.0853580441822037,0.09020065071002463
2010-03-31,0.04367572691434637,0.03485374368914062,0.030590879722700564,0.037471865401451726,0.0415169911260134
2010-04-30,-0.07219298779741914,-0.06270279321586206,-0.06492684778308501,-0.06345685329775223,-0.06439329577736735
2010-05-31,-0.08083158466817986,-0.07914078068915656,-0.08046801217064256,-0.07072932861545696,-0.0759643915615895
2010-06-30,0.08854655177966776,0.08602612715523102,0.07826429703027643,0.06557313363500387,0.06586163657929708
2010-07-31,-0.05772935714787087,-0.049625988337709356,-0.03791434116556668,-0.04306952732790775,-0.04250191669227937
2010-08-31,0.12177075061587687,0.11708879597695299,0.09529307524928772,0.08416189665700848,0.08569567912575429
2010-09-30,0.047519039543934195,0.04252042883510537,0.03422628895029385,0.044238063428688405,0.046186929574042836
2010-10-31,0.02886470366395331,0.02375869577154103,0.03432446957685823,0.0344813290959149,0.03683265270881297
2010-11-30,0.04463215609550815,0.03626264390277476,0.046597869816201565,0.04037692524281502,0.04064667332646221
2010-12-31,0.014006383977421398,0.0196790688386019,0.02398448723146257,0.022849289399676002,0.016398250448214267
2011-01-31,0.052414939368728965,0.0626087829724006,0.0582762010836287,0.0670779984361459,0.06006338844035104
2011-02-28,0.019432006247380354,0.02393068201830316,0.01809292637669769,0.018846077909289098,0.01681595749064176
2011-03-31,0.024577132572868744,0.020805423690805225,0.017017550967855666,0.02165151183663271,0.01924113966360919
2011-04-30,-0.017698866763424068,-0.014395781435207526,-0.013107443733003342,-0.013597962758464944,-0.01651272724159444
2011-05-31,-0.002767329524458297,-0.010893243763773907,-0.00979671938737741,-0.009440765368745609,-0.007263428813306058
2011-06-30,-0.028950531037846047,-0.04085659342352208,-0.03707416939205423,-0.019873656134251825,-0.02419474350095333
2011-07-31,-0.07638255521881283,-0.05280490190019704,-0.04530089212860049,-0.05788746438355191,-0.06096107044078466
2011-08-31,-0.11324306272456586,-0.08638846553443749,-0.07819953307167954,-0.06571650680500107,-0.07228949506121661
2011-09-30,0.15746573078798057,0.09444008020705816,0.09296440333416055,0.06964535048483744,0.07476133477052124
2011-10-31,-0.00957875461931888,-0.0004736949961899158,0.0029704352719729698,-0.005720805354998752,-0.003430957514079927
2011-11-30,-0.01484929936726841,-0.004719176920809745,-0.0021131281428727255,-0.007686831321982941,-0.008641026371131618
2011-12-31,0.04441602824283291,0.02293652468366365,0.059231373790133345,0.02329676137595594,0.022321701027787747
2012-01-31,0.05389098382841449,0.036558229848393,0.05112222365247665,0.04564879374280675,0.04705986371432831
2012-02-29,0.03362046291874351,0.033051467664305285,0.02943020097485026,0.03503143736537202,0.038405915973196064
2012-03-31,0.018892079134542484,-0.0021618021202433244,-0.018644133519992476,-0.002417667498829836,-0.0022380453955079594
2012-04-30,-0.06320228730865307,-0.08848774325860907,-0.09415659668057726,-0.06189331495290396,-0.061338013454183674
2012-05-31,0.020563409841448846,0.027428650014669674,0.024175167622683916,0.028512981723580126,0.02692568497313284
2012-06-30,0.004147111864952699,-0.01780133350658418,-0.0070955662073861935,-0.01110875471907025,-0.01194065277762733
2012-07-31,0.017096697530251927,0.05025278780462751,0.013350270041953084,0.0198378653982208,0.020702762458947636
2012-08-31,0.019041800072338043,0.018031858965004786,0.020617402391274246,0.025637176653778303,0.023971636142478416
2012-09-30,-0.008167934611125123,-0.013040552642398007,-0.005548795352434991,-0.008762829290364722,-0.009497552531869572
2012-10-31,0.02327973299022651,0.016253034605941342,0.02422516897955967,0.01673332163884018,0.016658228882939396
2012-11-30,0.01783582047603009,0.016186576680225172,0.028079541561278537,0.017996911090146124,0.01113787557072362
2012-12-31,0.05872352935792382,0.06349069461407744,0.06848257801233334,0.06720728708379273,0.06537550258045341
2013-01-31,0.009376415523997213,0.010536101042665372,0.01336184804408777,0.009927566568613355,0.009350161984007363
2013-02-28,0.053685099186304146,0.04910308133579588,0.041929383881216135,0.05212953343476282,0.05479598486882438
2013-03-31,0.009966833852333736,0.0057988814634094025,-0.0049545866773350105,0.003271353505959763,0.0008076400159816982
2013-04-30,0.027090252403657172,0.049611982673475025,0.04017393738247201,0.037119495160084365,0.037850771646014594
2013-05-31,-0.017327327065738255,-0.01260901430065922,-0.0021854635742942006,-0.011355277576176763,-0.013553918235425217
2013-06-30,0.07069929036820327,0.07840394701622479,0.07527786731719778,0.07605892991473504,0.0756393051885502
2013-07-31,-0.02118861823049178,-0.019715692905281534,-0.01864434951935913,-0.019870202209434112,-0.01986005615093043
2013-08-31,0.06165590716549735,0.05660964623127926,0.04802150996981611,0.0579062337942518,0.057882728607024245
2013-09-30,0.04859902577767107,0.0407812419195925,0.04286466857778885,0.04252957704499859,0.045787969936579354
2013-10-31,0.037862780341376384,0.031658640110006964,0.02561555121140208,0.02920601060387549,0.03363763817435947
2013-11-30,0.033888263689990546,0.03388281910563439,0.031175304800615974,0.022831146567398986,0.026315295773311057
2013-12-31,0.002933574776833041,-0.0019135505743675275,4.4723456292057075e-05,0.0022736255720741992,-0.000499055558531962
2014-01-31,0.07465416609821653,0.06961720064672389,0.06097543481019749,0.06532121603194921,0.06462094598482526
2014-02-28,-0.021259694076234525,-0.02336413074895423,-0.01974829530711405,-0.02720986903960761,-0.0245199006748321
2014-03-31,-0.027820401044461023,-0.030338308655946323,-0.03163768343235609,-0.027333601751868705,-0.02804342286999456
2014-04-30,0.037313372417613906,0.02588622987545166,0.02380809066012674,0.022305450967747813,0.022911915592694104
2014-05-31,0.04124692157543538,0.03122736936997056,0.0376768947163734,0.03396666184788396,0.03192623960162667
2014-06-30,-0.0320396897776069,-0.02858330344652902,-0.023388486834512275,-0.03539281468776354,-0.0336222273345677
2014-07-31,0.052213757117535516,0.05369358443549152,0.04961493943001784,0.04915251126836231,0.04975199052520806
2014-08-31,-0.027203387853484032,-0.03402460451676924,-0.0327103110469542,-0.03200476264409371,-0.03132681965203005
2014-09-30,0.020408932771061008,0.005493194585863065,0.014116858239023557,0.018669370260053504,0.020131152168557695
2014-10-31,0.025198494609602086,0.031792809579377024,0.0427501005116851,0.0396802595579806,0.045442420679884
2014-11-30,0.0004981421426779862,0.005101820958789888,0.011767584823269485,0.006657857059914345,0.005226284257162526
2014-12-31,-0.002026313371838293,-0.006427285907343388,0.0017183372443849807,-0.008727984450487693,-0.0071918219298301184
2015-01-31,0.038249205941562975,0.04998513575134016,0.03561924515036874,0.026935537800090694,0.03170769298897138
2015-02-28,0.012531930189485977,0.012829550686527691,0.014904911946494648,0.013337196200047816,0.013030396265428663
2015-03-31,-0.035366806461476566,-0.03497697550976053,-0.022654592294588504,-0.036147631032854136,-0.034822299182937264
2015-04-30,0.03765186321163371,0.038004991548204616,0.03806526067141692,0.03666711238826167,0.036742381009969904
2015-05-31,-0.007565808017340897,-0.011872476312520096,-0.015155089821922726,-0.008642388286796497,-0.010373929180375148
2015-06-30,0.02674655720412705,0.01070298867307592,-0.010826017875651876,0.014706838092586433,0.014270026149657779
2015-07-31,-0.04964800065062435,-0.04691883083058844,-0.057953535111564466,-0.04804623780320563,-0.047004203623610054
2015-08-31,-0.028124934651005976,-0.03205372604639836,-0.024707121288809225,-0.018813501098067606,-0.01952847647973893
2015-09-30,0.05253755187908167,0.04986134951054508,0.04982450473326443,0.050884462750677685,0.05452462981771668
2015-10-31,0.007095278397822433,0.0012759591943379035,-0.0003739699377808641,0.002660527834485066,-0.0003606471029290339
2015-11-30,-0.020748072127160476,-0.015459306479071852,-0.030446362030049134,-0.01762116025008395,-0.018271708231013796
2015-12-31,-0.06983228911321793,-0.04919334901136062,-0.057360544836449465,-0.048960022787910784,-0.04615682276451766
2016-01-31,-0.007256925968305665,-0.006690697999791948,-0.0011704309152204672,-0.004720219754280178,-0.007474321249791299
2016-02-29,0.06688830368143772,0.06304220015127177,0.06527252766834485,0.0602911785093873,0.05884970031898716
2016-03-31,-0.015850693821766095,-0.021673639327679847,-0.015212978893367984,-0.016314594475202403,-0.018548183722297086
2016-04-30,0.024536041654379157,0.015825039943254696,-0.009005586615550737,0.012047637154470825,0.015665054792479375
2016-05-31,0.027396812836856257,0.028169806330053376,-0.008982049393795412,0.009225731429973596,0.01614225040389987
2016-06-30,0.02897135180443646,0.035080272841571794,0.057348067354630314,0.029496077124299448,0.026114962147436277
2016-07-31,-0.019492641343860723,-0.020446465235260718,-0.004193093314603793,-0.01487966415374504,-0.012512387054748024
2016-08-31,-0.0012192659182802528,0.015861899095625673,0.007652286462681468,0.013017482676092653,0.009911438092689925
2016-09-30,-0.03441195543816171,-0.042810732034056026,-0.045722974423794735,-0.047723599762854216,-0.045833210196040294
2016-10-31,0.04893184055560656,0.0841955240324996,0.08976609189258519,0.09093957809294986,0.08161465307086056
2016-11-30,0.005215681439433278,0.002602903482883121,0.00981003889236552,0.008368460289673276,0.002435320034666067
2016-12-31,0.024965169529156974,0.024639564095816493,0.01910183726302171,0.018807694013934128,0.02163053761151341
2017-01-31,0.01361502142613462,0.03269845739746714,0.024210199636762613,0.02784144952450418,0.026690180933573636
2017-02-28,-0.0035091878115137884,-0.010275642776650627,-0.01425478834991609,-0.007292323679078778,-0.00622741844232952
2017-03-31,-0.0029578411480529797,-0.0005144838232847622,0.01038855703697607,0.007453647957089308,0.010706068524406523
2017-04-30,0.011470374885613395,0.01073632890575396,0.03492156301473204,0.034997163924547485,0.030574761443186587
2017-05-31,-0.00023081095314833448,0.011386591632897562,0.007400742532828235,-0.009493505639804747,-0.00870397718081056
2017-06-30,0.028802020541162956,0.03296973221437556,0.022511561158477324,0.018286513485801775,0.016388288480012118
2017-07-31,0.007221368543437967,0.03132159030644063,0.01709947607659132,0.02626700391650103,0.021584824820270448
2017-08-31,0.036495023471487004,0.014988711986800267,0.018871375010923112,0.014959914642780561,0.01915578061783175
2017-09-30,0.03871179563451684,0.04090273048798608,0.025598537522555663,0.03915247124546108,0.039978050457110934
2017-10-31,0.028935817662426328,0.03450533088137603,0.04309343196575383,0.03035956773706121,0.029786586549620842
2017-11-30,-0.0023292515621723647,0.0056699630485120564,0.013225316729493966,0.00924907544781704,0.003970039748172865
2017-12-31,0.0707954653386424,0.0632042626559087,0.0603326090971812,0.057967764954241656,0.06261448470856826
2018-01-31,-0.02038505688822245,-0.028479266510596058,-0.028522390413723248,-0.02373647889257058,-0.024743979680955368
2018-02-28,-0.001784456372862178,0.0024608843278161284,-0.005778825507882489,0.0029360943824186794,0.0021701130919004326
2018-03-31,0.0066589556524476855,0.01596876392674879,0.015705100417185678,0.020276845044006245,0.017979044845029747
2018-04-30,0.05832724966149358,0.06163504111677993,0.06024970405639583,0.04666444610763998,0.04828370465091234
2018-05-31,-0.003080242120510473,0.02230312541778481,0.015175317704643285,0.015285056414381553,0.011588105398639236
2018-06-30,0.019438973804422954,0.010812956515293515,0.019055067629398154,0.01186389573152401,0.015399174893123507
2018-07-31,0.06272888428587234,0.07164478101345279,0.049973923937543005,0.0579153270169046,0.057098545802438914
2018-08-31,0.0020647295237018414,0.005830671979707639,0.0036668858937742945,0.013050761536267368,0.011821402852777635
2018-09-30,-0.11107289089718912,-0.10123106669131036,-0.09331753577457258,-0.09883058532097076,-0.09574326434951157
2018-10-31,-0.008363388426585358,0.0038198589842201114,0.019343586753015136,0.006992762309286573,0.013380868021251442
2018-11-30,-0.10003070773951074,-0.10187750938365564,-0.09451819891329055,-0.09535266228243763,-0.09446212487575029
2018-12-31,0.09868888799585093,0.07950845444108863,0.07013524798291129,0.06032802134372888,0.06270404791614743
2019-01-31,0.05875105227261826,0.04552232626845464,0.0331870184014546,0.049963867082819406,0.051483366443840474
2019-02-28,0.013697316846388953,0.016985188056484902,0.016715951414829587,0.02226723415186091,0.02101005397068844
2019-03-31,0.01933249736843754,0.01628498947145344,0.046490886415208814,0.02200320972791451,0.022144741789235138
2019-04-30,-0.04340783849143769,-0.03762216996356431,-0.08561209975803455,-0.059061601388636545,-0.05210462375766728
2019-05-31,0.07648215906799556,0.0845320855112934,0.0820196704570959,0.055476280492225305,0.05589805290925158
2019-06-30,0.017740122227576247,0.018248961259805064,0.018505518095445025,0.010915618434327657,0.011488747670126285
2019-07-31,0.004216392734317722,-0.013795923906808978,-0.008894698953080371,0.010159447198556005,0.010126477963615708
2019-08-31,-0.023109833401868573,-0.014770368734814264,-0.008691833038633232,-0.014720262245722739,-0.014266876969728979
2019-09-30,0.005903412001312205,0.006147558724811587,0.013903276468731426,0.006364175713444503,0.005257069053175029
2019-10-31,0.0214125216491069,0.032166657329950145,0.017158672691036832,0.03309558058485792,0.033152053268995875
2019-11-30,0.017369423234015108,0.018362851110406912,0.015117957735058665,0.021317069185838082,0.019252544616868934
2019-12-31,0.018862542233546196,-0.01576477393191783,-0.03755094711582986,-0.008015120282966446,-0.00048603393892265563
2020-01-31,-0.07290384391921709,-0.06970346941881511,-0.07849404517463679,-0.07007046372281943,-0.0690130670303373
2020-02-29,-0.15781857477333996,-0.16118631715339687,-0.19612161106446327,-0.15811283899826956,-0.16215186133399254
2020-03-31,0.14328106944319155,0.1550475979623564,0.14681063810524525,0.11915951350454901,0.11834761921868828
2020-04-30,0.08022024928555707,0.08192445404431095,0.06901736139813752,0.08292438241294042,0.08111208257784365
2020-05-31,0.017982656678181972,0.029418455452150542,0.01732565346820081,0.029038444827078392,0.03358101779891886
2020-06-30,0.07219368559345243,0.07981759501793644,0.07745619672653917,0.08254040782721493,0.08412683648196066
2020-07-31,0.04736286301719528,0.043935732641512217,0.0724910600333254,0.050664590024788486,0.04770320955221899
2020-08-31,-0.017000356848738032,-0.03059893156507166,-0.021365556260628995,-0.022087012368947834,-0.018774715852982314
2020-09-30,-0.001356628091903489,-0.0068469144911134485,-0.0005238580461396081,-0.00445916810940233,-0.004579359866794877
2020-10-31,0.129139739818532,0.19095631754068965,0.15928113264521307,0.15008305057725924,0.13908421355871414
2020-11-30,0.039837893850953286,0.045306643721870474,0.05345814254121479,0.058140726592034286,0.052815260647552
2020-12-31,0.0377789411839062,0.03756930833902377,0.04196205918536477,0.03760513953391245,0.03109135599629884
2021-01-31,0.04184227977595113,0.1262575919931455,0.14904861290023153,0.12112620999763951,0.11155712081495164
2021-02-28,0.011474445456542415,0.04513080835821969,0.03153893443842781,0.02266441291514818,0.025585672501349785
2021-03-31,0.03170189039003477,0.037486697442970396,0.030715531491660727,0.035726711629330936,0.03786003519278806
2021-04-30,0.03603550645416602,0.043712393780396486,0.038551402471589585,0.03770495165577647,0.03877929218951462
2021-05-31,0.005441017786379322,-0.0005967668679387352,-0.016306837829347057,-0.007408445046714303,-0.009112717247651782
2021-06-30,-0.029167776166737484,-0.0396623412513799,-0.004097238051067448,-0.01953629613089139,-0.029790333546609815
2021-07-31,0.04087118471700457,0.031760768554115734,0.04009107672572302,0.03621640859024494,0.03834893688574086
2021-08-31,-0.03599516111404305,-0.03628272228150315,-0.05319643359017734,-0.05423264103878595,-0.04699334977429823
2021-09-30,0.07229691933297915,0.07369593362170676,0.07920772009824685,0.07750199833883516,0.07619852271934478
2021-10-31,-0.037620259532779574,-0.02488640961926487,-0.02255030040457367,-0.025151543304053125,-0.026496451567667473
2021-11-30,0.018701776007839066,0.013669147995250956,0.012386190175196203,0.023655541957586956,0.026861291494353325
2021-12-31,-0.055123114958038066,-0.09463076159109987,-0.050782118971872556,-0.08634701023832957,-0.08121601565249321
2022-01-31,0.00806501536272386,-0.011310800212092062,-0.01304892138258144,0.011381472789006173,0.0073171863295012395
2022-02-28,0.03356642960606926,0.04877457757013297,0.037478349784759016,0.04745988867949679,0.04810633044117292
2022-03-31,-0.06944544754689592,-0.053586803478768805,-0.03544366562636147,-0.04867044664986876,-0.053950696196360094
2022-04-30,0.027655074306472984,0.031907049443735604,0.04896355491718668,0.0338998823506195,0.03222859378520059
2022-05-31,-0.11431327056484777,-0.1033349163281067,-0.10775048192512476,-0.11510536198964243,-0.11126176115591774
2022-06-30,0.08872487727527154,0.059115869503907764,0.07060511623860204,0.0470911241075287,0.04800293032057752
2022-07-31,0.009454254281065451,0.004703592511170945,-0.018139017447956284,0.0005633353395434118,0.0032640606460556387
2022-08-31,-0.08043815514525864,-0.07407883830236284,-0.08311562005647226,-0.07276190502319492,-0.07868164660690215
2022-09-30,0.14302946945861006,0.1154710828229056,0.08772310347586883,0.1252160162344113,0.1319397159089345
2022-10-31,0.03376864316128895,0.0503140752518999,0.059753324588948026,0.034643604368535266,0.03317053939432738
2022-11-30,-0.05727510364664556,-0.05718039928244054,-0.059216907868880654,-0.05203225376083046,-0.054708107678974924
2022-12-31,0.027442376029608605,0.061876543469891264,0.07583592785387248,0.04670816772312762,0.041123483828468484
2023-01-31,-0.022744239482443373,-0.0192019211078556,-0.03100166847102932,-0.014395510934399343,-0.014027068054544988
2023-02-28,-0.026289510102792985,-0.0333390176782366,-0.0022112211627601953,-0.0075084628080784605,-0.0077412436150655585
2023-03-31,-0.003339797172423472,-0.011150434212971306,-0.014789514270939804,-0.016524030170965775,-0.0153191447146761
2023-04-30,-0.03946102050811195,-0.016673931427675693,0.029070669073157612,-0.025161276695631656,-0.025803252444784555
2023-05-31,0.08878300344442143,0.09002204183698374,0.0767282464422539,0.084435586233151,0.0895110540015161
2023-06-30,0.031170554501499883,0.04312108890602099,0.03156165636876271,0.037984308504931126,0.03959814532737537
2023-07-31,-0.0274242538564063,-0.035720398678812174,-0.02786100404437969,-0.03050433220534155,-0.031095765153153546
2023-08-31,-0.05177489656301623,-0.05083108158854572,-0.04930379599790374,-0.042987238731957284,-0.04515088883365765
2023-09-30,-0.04820774684258143,-0.04292778589700661,-0.06650634196594933,-0.044610942045242914,-0.045839562367706733
2023-10-31,0.11765629915178122,0.10037674554209074,0.0671072504306619,0.07773974939855552,0.09640405223970491
2023-11-30,0.06530870124528475,0.05129572387326538,0.027916299300493524,0.06877099321521568,0.07064218578932302
2023-12-31,0.014067898635119699,0.009834750701027413,0.01534794795184111,0.0013622431327625097,0.00519962453602748
2024-01-31,0.10528366150619504,0.07450475879642576,0.06490105787686902,0.07939237397005275,0.08715209072555422
2024-02-29,0.04476085898978055,0.03842286806896124,0.04254052186513752,0.043931368205064006,0.04422399427589769
2024-03-31,-0.05740696934838008,-0.06485500993638854,-0.0715965455153452,-0.062292099804808924,-0.057673420497717405
2024-04-30,0.05530776864705683,0.059028235369247894,0.04930922391889172,0.05427639104623941,0.054838746358881446
2024-05-31,0.007112752977397191,-0.01559571629819542,-0.018997879630149053,-0.017528387382971914,-0.015892043593122414
2024-06-30,0.0278893053962491,0.016500579818678328,0.026084903477879933,0.004566067472983522,0.00631148263193261
2024-07-31,0.02599866228420331,0.030454277517844186,0.03962938105826599,0.023015891390605368,0.02996716871798775
2024-08-31,0.02979923133126359,0.033963804979879414,0.012119031181272083,0.02979919258746136,0.02523162734696761
2024-09-30,0.005704642370559352,-0.00616220133112311,-0.007391453933444621,-0.0009967091608702166,-0.0009578769099437149
2024-10-31,0.10411733171585745,0.09104145950003024,0.0742408025789668,0.11641536368116978,0.11478293884695202
2024-11-30,-0.07544471177084493,-0.06464997200184924,-0.0629549556470155,-0.06480447440570664,-0.06927859540184664
2024-12-31,0.060549352701465636,0.05850238602299726,0.05419954552175388,0.0569861214464578,0.05839386791843128
2025-01-31,-0.0343702266523831,-0.04319356986188785,-0.04590252578787125,-0.04393913853608553,-0.04271711780752378
2025-02-28,-0.08372896155428425,-0.08474988585528942,-0.08257692561963792,-0.05357260074996701,-0.057395006774536114
2025-03-31,-0.010292276963373675,-0.010611479482521335,-0.011879437193253121,-0.019753931013340855,-0.015808335236720077
2025-04-30,0.06032468110669814,0.06546221526426108,0.02703327750334634,0.04815913958742065,0.052125138538315886
2025-05-31,0.028343093445430383,0.02596708335059403,0.006447747611979069,0.03545311841145131,0.0352080240662477
2025-06-30,0.005538116551594575,0.008728212155821367,0.026927691228128804,0.02354447527226323,0.01307988369158813
2025-07-31,0.014916133043520389,0.01874546979992144,0.01792695593786346,0.012469738782413706,0.01246179917473193
2025-08-31,0.045112225455652875,0.06010153914150518,0.05204782553166413,0.0489676738026014,0.04683093222667221
2025-09-30,-0.007461515965491754,0.019552652497969204,0.023846550773887133,0.031090151658956025,0.023778068146562283
2025-10-31,0.010131818586576594,-0.005769609834832337,0.015797890390057058,0.013678966112650083,0.009549694195703833
2025-11-30,0.000551011047217512,0.0045422018082939475,-0.006991272943047392,0.0003930093327228077,0.002309928132730609
2025-12-31,0.04410944275643978,0.05730068684655173,0.05887469275111042,0.055504459362576655,0.0499122267818991
2026-01-31,0.014168814162507582,0.017005018500616538,0.015490344327900885,0.014738032680640155,0.014103628887706991
