date,F_Momentum,long_ret,short_ret,n_long,n_short,n_universe
1963-02-28,0.033071076207125814,0.010298658818329995,-0.022772417388795818,3,3,18
1963-03-31,-0.020764752316725463,0.033034341921129896,0.05379909423785536,3,3,18
1963-04-30,0.04187821515061252,0.015078035904014797,-0.026800179246597722,3,3,18
1963-05-31,0.00013135115790900015,-0.028774410119765708,-0.028905761277674708,3,3,18
1963-06-30,0.08250200172487909,0.07001897514412163,-0.01248302658075747,3,3,18
1963-07-31,0.0975539704441562,0.11886556016505778,0.02131158972090158,3,3,18
1963-08-31,-0.02261353397595024,-0.04636256462460575,-0.023749030648655512,3,3,18
1963-09-30,0.1350877780448306,0.12437540668181053,-0.010712371363020065,3,3,18
1963-10-31,-0.0841568037730621,-0.0030708376254488337,0.08108596614761326,3,3,18
1963-11-30,0.05026406562091723,0.008181188868851516,-0.042082876752065713,3,3,18
1963-12-31,-0.035847431844949436,-0.010664992573723933,0.025182439271225505,3,3,18
1964-01-31,-0.007464933417301162,0.016734543432059157,0.02419947684936032,3,3,18
1964-02-29,0.05128869853891612,0.048125732205622995,-0.0031629663332931233,3,3,18
1964-03-31,-0.02560849704730765,0.025020390993748125,0.050628888041055774,3,3,18
1964-04-30,0.10356283332659758,0.07691304088836211,-0.02664979243823547,3,3,18
1964-05-31,0.009173551484951825,0.01736692493434683,0.008193373449395006,3,3,18
1964-06-30,-0.018311796366042778,0.003943483341290725,0.022255279707333504,3,3,18
1964-07-31,-0.009597340181361286,-0.015018664841282059,-0.005421324659920772,3,3,18
1964-08-31,0.10772329196315444,0.14506402081438527,0.03734072885123083,3,3,18
1964-09-30,-0.051706255625749896,-0.051526135225450874,0.000180120400299022,3,3,18
1964-10-31,0.00030659469819147023,-0.03750160854133858,-0.03780820323953005,3,3,18
1964-11-30,0.032668618366598096,0.029754185693767938,-0.0029144326728301564,3,3,18
1964-12-31,-0.04212207740417212,0.023581921733497196,0.06570399913766932,3,3,18
1965-01-31,-0.01004235198362417,0.02645599407127504,0.03649834605489921,3,3,18
1965-02-28,-0.012094944075650024,-0.050317985730474656,-0.03822304165482463,3,3,18
1965-03-31,0.03867695142264342,0.04746748866553715,0.008790537242893729,3,3,18
1965-04-30,0.04125486108656139,0.04228181070087451,0.001026949614313118,3,3,18
1965-05-31,-0.050515106853451064,-0.06959504623420436,-0.019079939380753298,3,3,18
1965-06-30,0.11720778196444398,0.11503639931555881,-0.0021713826488851673,3,3,18
1965-07-31,0.09415010115816486,0.07723528575717319,-0.016914815400991674,3,3,18
1965-08-31,0.016401284946858892,0.06636882133790338,0.04996753639104449,3,3,18
1965-09-30,0.03687305031144883,0.0573449816572551,0.02047193134580627,3,3,18
1965-10-31,0.13924722069547166,0.12208511298058489,-0.01716210771488678,3,3,18
1965-11-30,-0.05802803190539685,-0.059449935022951816,-0.001421903117554968,3,3,18
1965-12-31,0.15855489191739439,0.16357063018341444,0.005015738266020049,3,3,18
1966-01-31,0.0824582062849569,0.03623397408632741,-0.04622423219862948,3,3,18
1966-02-28,0.050626295285271405,0.03902007598455955,-0.011606219300711854,3,3,18
1966-03-31,0.07179122714704005,0.009029768922141837,-0.0627614582248982,3,3,18
1966-04-30,-0.04885265762755699,-0.08333379932943419,-0.034481141701877195,3,3,18
1966-05-31,-0.04189486545753605,-0.04567262360945521,-0.003777758151919164,3,3,18
1966-06-30,0.030781424349598296,0.04177223070537783,0.010990806355779537,3,3,18
1966-07-31,-0.05046814633977326,-0.11674157524430757,-0.06627342890453432,3,3,18
1966-08-31,0.00010410733150201246,0.0009822304311243313,0.0008781230996223188,3,3,18
1966-09-30,0.007991189574049798,0.006612319833804244,-0.0013788697402455548,3,3,18
1966-10-31,-0.20116093070133093,-0.0028460885822381523,0.19831484211909278,3,3,18
1966-11-30,0.08389843905105225,0.08723730988130522,0.0033388708302529713,3,3,18
1966-12-31,-0.07339134421191841,0.0761519390214594,0.14954328323337782,3,3,18
1967-01-31,0.048097331975703345,0.019238116293179116,-0.028859215682524225,3,3,18
1967-02-28,0.06297318840936073,0.059596358968318684,-0.003376829441042039,3,3,18
1967-03-31,-0.0015704719028904607,0.09736998995719603,0.0989404618600865,3,3,18
1967-04-30,0.00727538118058868,-0.04203471035371668,-0.04931009153430536,3,3,18
1967-05-31,0.08045778239265762,0.0843902520954823,0.003932469702824681,3,3,18
1967-06-30,-0.14553689481437085,-0.020234490505310815,0.12530240430906003,3,3,18
1967-07-31,-0.05975268988053821,-0.08150060146079449,-0.02174791158025628,3,3,18
1967-08-31,-0.006509028475680353,0.018984930465767144,0.025493958941447497,3,3,19
1967-09-30,0.06455503369108817,0.02802833854080526,-0.036526695150282916,3,3,19
1967-10-31,0.029613069364351336,0.019260462647429717,-0.01035260671692162,3,3,19
1967-11-30,-0.04490654885231219,0.013784988440268653,0.05869153729258084,3,3,19
1967-12-31,0.01972805771557902,-0.04234619289549543,-0.06207425061107445,4,4,20
1968-01-31,-0.010374193377080194,-0.012027035200672201,-0.0016528418235920068,3,3,19
1968-02-29,-0.06488682779268357,0.022918366983886346,0.08780519477656991,3,3,19
1968-03-31,-0.005494134375189308,0.15079838268631507,0.15629251706150438,3,3,19
1968-04-30,-0.08407776697826241,-0.11940249368347156,-0.03532472670520914,3,3,19
1968-05-31,-0.0012146705365016046,-0.015703620808391352,-0.014488950271889747,4,4,20
1968-06-30,0.02891480868603271,-0.016969552168023677,-0.04588436085405639,4,4,20
1968-07-31,0.042440694755818395,0.02891254653138629,-0.013528148224432102,4,4,20
1968-08-31,0.011163737341525065,0.036197613338404794,0.02503387599687973,4,4,20
1968-09-30,0.07027965048260938,0.022968667681845096,-0.04731098280076429,3,3,19
1968-10-31,-0.03867160043196452,0.0426705015390281,0.08134210197099262,4,4,20
1968-11-30,0.008079628805617745,-0.008145434491227316,-0.01622506329684506,4,4,21
1968-12-31,-0.008723744797709154,-0.016764250630257715,-0.008040505832548561,4,4,21
1969-01-31,0.021127017816639726,-0.03837208486429711,-0.05949910268093683,4,4,21
1969-02-28,0.08103758268073039,0.08538168812187075,0.004344105441140361,4,4,21
1969-03-31,0.0351657282293784,0.021676376487287624,-0.013489351742090774,4,4,21
1969-04-30,0.10254037471519631,-0.02903998726243387,-0.13158036197763018,4,4,21
1969-05-31,-0.02954341385864176,-0.06791916118319918,-0.038375747324557424,4,4,21
1969-06-30,0.13651369954414494,-0.002860789845954127,-0.13937448939009905,4,4,21
1969-07-31,-0.0066520749429015424,0.07098471433926168,0.07763678928216322,4,4,21
1969-08-31,0.10761909157744495,0.03263278792194202,-0.07498630365550293,4,4,21
1969-09-30,0.028049038974781948,0.1323264230466224,0.10427738407184045,4,4,21
1969-10-31,0.053364354439301306,-0.03167405992435823,-0.08503841436365954,4,4,21
1969-11-30,0.1421781900974676,0.07938936259923982,-0.06278882749822778,4,4,21
1969-12-31,0.02870104252766495,-0.05478313433005763,-0.08348417685772258,4,4,21
1970-01-31,-0.04745504427613717,0.02842116082250748,0.07587620509864465,4,4,21
1970-02-28,0.01630233737144063,-0.02448579269338516,-0.04078813006482579,4,4,21
1970-03-31,0.01036388875542818,-0.0917166156992178,-0.10208050445464598,4,4,21
1970-04-30,-0.042826984321733486,-0.1970420625091628,-0.15421507818742933,4,4,21
1970-05-31,0.23525105915524103,0.01047904776544123,-0.2247720113897998,4,4,21
1970-06-30,-0.037650971227266745,0.03152431625520676,0.06917528748247351,4,4,21
1970-07-31,-0.14988501679359137,0.0217177491085441,0.17160276590213547,4,4,21
1970-08-31,-0.011708218555714162,0.009814021311947169,0.02152223986766133,4,4,21
1970-09-30,0.04942971695463405,0.017585610474880053,-0.031844106479754,4,4,21
1970-10-31,0.007956277527380318,0.030480992898976045,0.022524715371595727,4,4,21
1970-11-30,-0.04069672290212285,0.00021835319384793175,0.04091507609597078,4,4,21
1970-12-31,-0.17855764402128244,0.10309056268716871,0.28164820670845114,4,4,21
1971-01-31,0.10452618429215076,0.08438928042644436,-0.020136903865706393,4,4,21
1971-02-28,-0.15092787356123688,-0.07125488216360092,0.07967299139763595,4,4,22
1971-03-31,0.09117941099503377,0.1329993672093049,0.04181995621427112,4,4,22
1971-04-30,0.014274756708082419,0.008320098241159979,-0.00595465846692244,4,4,22
1971-05-31,-0.1691152398469829,-0.14214233788371505,0.026972901963267848,4,4,22
1971-06-30,-0.024788473841938108,-0.06857887975768515,-0.04379040591574704,4,4,22
1971-07-31,-0.07490303907088541,0.04407079041337164,0.11897382948425705,4,4,22
1971-08-31,-0.01982592340224873,-0.0363281595771798,-0.016502236174931073,4,4,22
1971-09-30,0.035099518842244826,-0.007825639518374783,-0.04292515836061961,4,4,22
1971-10-31,0.010307856090348233,0.023168287478239347,0.012860431387891114,4,4,22
1971-11-30,-0.042815197050336595,0.07999945991458424,0.12281465696492083,4,4,22
1971-12-31,-0.12074923098820575,0.0471369948457247,0.16788622583393045,4,4,22
1972-01-31,0.060903933558546175,0.04601464222685714,-0.014889291331689036,4,4,22
1972-02-29,-0.0016948667230902437,0.008833802426632537,0.01052866914972278,4,4,22
1972-03-31,-0.012486961190344679,0.005946824381049539,0.018433785571394218,4,4,22
1972-04-30,0.0939768850282563,0.07950151163301364,-0.014475373395242658,4,4,22
1972-05-31,-0.09825741753122816,-0.1334788667577126,-0.03522144922648443,4,4,22
1972-06-30,0.02015424571730312,0.033879227610132845,0.013724981892829724,4,4,22
1972-07-31,-0.008331288738686632,-0.007357484856015423,0.0009738038826712092,4,4,22
1972-08-31,0.024854580440598083,-0.005758093103156059,-0.030612673543754142,4,4,22
1972-09-30,-0.028185279636042837,0.029244899991084428,0.057430179627127265,4,4,22
1972-10-31,-0.001955506291948572,0.04345907307740693,0.0454145793693555,4,4,22
1972-11-30,0.08564247647112541,0.07965856958230749,-0.005983906888817919,4,4,22
1972-12-31,-0.07328688655401214,-0.08335438925062366,-0.010067502696611524,4,4,22
1973-01-31,-0.02852084077965679,-0.07785621300421246,-0.04933537222455567,4,4,23
1973-02-28,0.019929654874789107,0.03559663250121918,0.015666977626430073,4,4,23
1973-03-31,0.08105216154178058,-0.012338101503386018,-0.0933902630451666,4,4,23
1973-04-30,-0.11925323661162021,-0.1484022359064559,-0.029148999294835692,4,4,23
1973-05-31,0.09877774520076399,0.011971617328103812,-0.08680612787266018,4,4,23
1973-06-30,-0.16247780742225174,0.005184777706799787,0.16766258512905152,4,4,22
1973-07-31,-0.05174951494292998,-0.06949583180910997,-0.017746316866179983,7,7,37
1973-08-31,-0.0703035988156126,0.045248888828181046,0.11555248764379365,7,7,37
1973-09-30,-0.03408683454835298,-0.027767644238148103,0.006319190310204876,7,7,39
1973-10-31,0.03989679506056197,-0.1190985912453945,-0.15899538630595647,7,7,39
1973-11-30,0.00013590903681580217,0.009996548921327857,0.009860639884512055,7,7,39
1973-12-31,-0.047688825512290825,0.03167254709599708,0.0793613726082879,7,7,39
1974-01-31,0.041187949680263576,0.012199303103326018,-0.028988646576937557,7,7,39
1974-02-28,-0.13549534993711598,-0.07210923319516217,0.06338611674195382,8,8,40
1974-03-31,0.07272229183608159,0.005209108784632584,-0.067513183051449,11,11,55
1974-04-30,-0.04630407206007492,-0.12776832295919158,-0.08146425089911666,10,10,54
1974-05-31,0.056619611271298775,-0.01593139942568483,-0.07255101069698361,11,11,55
1974-06-30,-0.13465722610489902,-0.07691066462358474,0.05774656148131429,11,11,58
1974-07-31,-0.002331313763769216,-0.07800901271013296,-0.07567769894636374,11,11,58
1974-08-31,-0.011019303094915472,-0.1420633767969349,-0.13104407370201943,11,11,58
1974-09-30,-0.07348955315221312,0.14715996728158526,0.22064952043379837,10,10,53
1974-10-31,0.04764777499142246,-0.039851417488344545,-0.08749919247976701,10,10,52
1974-11-30,-0.00922602374740553,-0.03255221550564432,-0.02332619175823879,10,10,52
1974-12-31,-0.4041649409765713,0.028950120318660927,0.43311506129523225,10,10,51
1975-01-31,-0.07267572712322382,0.039973148550761894,0.11264887567398571,10,10,52
1975-02-28,-0.012779352602313387,0.11381737450233267,0.12659672710464606,10,10,52
1975-03-31,0.05653169316619008,0.08361727134253386,0.027085578176343772,10,10,52
1975-04-30,-0.054442184146084566,0.02573201234855348,0.08017419649463804,10,10,52
1975-05-31,-0.015627531214711,0.04629356398048345,0.061921095195194446,11,11,56
1975-06-30,-0.025580820193547113,-0.0740568029039984,-0.04847598271045128,11,11,56
1975-07-31,-0.022174604449260255,-0.05064307798171213,-0.028468473532451875,11,11,56
1975-08-31,0.02106629409661779,-0.05363022418239844,-0.07469651827901623,11,11,56
1975-09-30,-0.005429958115722111,0.08037728548849389,0.085807243604216,11,11,56
1975-10-31,-0.016231653292352623,0.003791898704028962,0.020023551996381585,11,11,57
1975-11-30,0.013368743965058926,0.00037100184466493607,-0.01299774212039399,11,11,57
1975-12-31,0.0247559677235675,0.14778419910529733,0.12302823138172983,11,11,57
1976-01-31,-0.003921541710267014,-0.018269868715647654,-0.01434832700538064,11,11,58
1976-02-29,-0.07946354678244279,-0.002395715013559366,0.07706783176888342,11,11,58
1976-03-31,0.04665170598434604,0.004692947104212611,-0.04195875888013342,11,11,59
1976-04-30,0.020423936492839138,-0.02024953055691066,-0.0406734670497498,12,12,61
1976-05-31,0.014640137544738183,0.0867179869852772,0.07207784944053902,12,12,61
1976-06-30,0.009530626102293882,-0.006783697386652965,-0.016314323488946847,12,12,61
1976-07-31,-0.033163446540397205,-0.01934989088117896,0.013813555659218246,12,12,61
1976-08-31,-0.017946815813399075,0.009488913227593378,0.02743572904099245,12,12,61
1976-09-30,0.0011991036526361812,-0.033918889436275655,-0.035117993088911836,12,12,62
1976-10-31,0.04789660536916822,0.040579333271420444,-0.007317272097747772,12,12,62
1976-11-30,-0.005165177329769809,0.05759345435862149,0.0627586316883913,12,12,62
1976-12-31,0.0677444018033253,-0.013771311013890924,-0.08151571281721623,12,12,63
1977-01-31,0.022232592802050564,-0.007047594487852707,-0.02928018728990327,12,12,64
1977-02-28,-0.013140862776270058,-0.007337521188692381,0.005803341587577677,12,12,64
1977-03-31,0.05194056446939699,0.030876812819056274,-0.021063751650340717,12,12,64
1977-04-30,-0.0009921308942832943,-0.0029329976444329073,-0.001940866750149613,12,12,63
1977-05-31,-0.005446044506592473,0.08089894365535477,0.08634498816194724,12,12,63
1977-06-30,-0.020384469641053067,-0.030135267433766034,-0.009750797792712965,12,12,64
1977-07-31,-0.05738479573645867,-0.04897573125687136,0.008409064479587308,12,12,64
1977-08-31,0.010957568549046975,0.0045530299793127465,-0.006404538569734229,12,12,64
1977-09-30,-0.025409368786821644,-0.05979240202063513,-0.03438303323381348,12,12,63
1977-10-31,0.030522444040577665,0.05294609168915823,0.022423647648580566,12,12,63
1977-11-30,0.014457281438404255,0.02494355028325093,0.010486268844846677,12,12,64
1977-12-31,0.005632056743813604,-0.053992055966124074,-0.05962411270993768,12,12,63
1978-01-31,-0.014431873353713228,-0.022937120891662093,-0.008505247537948865,12,12,63
1978-02-28,-0.04158041462714544,0.01864837683805175,0.06022879146519719,12,12,63
1978-03-31,-0.0039339199846696316,0.12888676555459147,0.1328206855392611,12,12,62
1978-04-30,0.0011449046459040685,0.05696570276020182,0.05582079811429775,12,12,62
1978-05-31,-0.012019053376713674,-0.015389214185638536,-0.003370160808924861,13,13,65
1978-06-30,0.0052321305164125045,0.06065223071291941,0.05542010019650691,13,13,65
1978-07-31,0.0680933005301407,0.08276397464088177,0.014670674110741069,13,13,66
1978-08-31,-0.0600568620644471,-0.053649890408352954,0.006406971656094152,13,13,66
1978-09-30,-0.03434319475525599,-0.17142833108236546,-0.13708513632710947,13,13,66
1978-10-31,0.008203467196463872,0.05709235706798131,0.04888888987151744,13,13,66
1978-11-30,0.042190759643020215,0.047892891795206165,0.005702132152185948,13,13,66
1978-12-31,-0.044643919248325566,0.052830964875146554,0.09747488412347212,13,13,66
1979-01-31,-0.03720932890340806,-0.11220268383584758,-0.07499335493243953,13,13,66
1979-02-28,-0.01208539776238185,0.06188757648510271,0.07397297424748456,13,13,66
1979-03-31,0.007472445343508216,0.023767493640530213,0.016295048297021997,13,13,66
1979-04-30,-0.03364877229468298,-0.05802812601916659,-0.024379353724483608,13,13,66
1979-05-31,-0.031808384910149624,-0.014756907404187943,0.01705147750596168,13,13,66
1979-06-30,-0.04914547898672905,-0.02818008019064567,0.020965398796083383,13,13,66
1979-07-31,-0.08306323689344616,0.0364916783666415,0.11955491526008767,13,13,66
1979-08-31,-0.00864132260188853,-0.023782986927212455,-0.015141664325323925,13,13,66
1979-09-30,0.009189973085121886,-0.07174326902108857,-0.08093324210621046,13,13,66
1979-10-31,0.057460325965805366,0.10321975827771847,0.0457594323119131,13,13,66
1979-11-30,0.006292807861318729,0.03750028968365185,0.03120748182233312,13,13,65
1979-12-31,0.07176940422723813,0.11686551935874193,0.0450961151315038,13,13,66
1980-01-31,-0.023778455376959537,-0.08663118052734306,-0.06285272515038352,13,13,66
1980-02-29,-0.01961836951674563,-0.12599692860746733,-0.1063785590907217,13,13,66
1980-03-31,-0.07528010677505685,-0.0163738811047815,0.058906225670275356,13,13,65
1980-04-30,-0.06513753725944524,0.018553939914414404,0.08369147717385964,13,13,65
1980-05-31,-0.055160886740290675,0.0032546655777758514,0.05841555231806653,13,13,66
1980-06-30,-0.07793740828280747,0.07882081845889023,0.1567582267416977,13,13,66
1980-07-31,-0.07372944723230218,-0.05695886186902221,0.01677058536327997,13,13,66
1980-08-31,0.031105454407224845,0.015464089565804234,-0.01564136484142061,13,13,66
1980-09-30,-0.050981964127429336,-0.02478487750146798,0.02619708662596136,13,13,67
1980-10-31,0.09550326626218314,0.1151841117706042,0.01968084550842105,13,13,67
1980-11-30,-0.12481474609791907,-0.09696514143793508,0.027849604659983977,13,13,67
1980-12-31,-0.04278159218808805,-0.06882781107371466,-0.026046218885626613,13,13,67
1981-01-31,-0.014484220277988303,0.01253257311318372,0.027016793391172023,13,13,68
1981-02-28,-0.029500824118905644,0.029486784748511297,0.05898760886741694,14,14,70
1981-03-31,-0.01062215518553915,-0.009451984674218674,0.001170170511320476,14,14,70
1981-04-30,-0.007815650279782864,0.001441373626301994,0.009257023906084858,25,25,126
1981-05-31,0.059640580278913974,-0.011772853546301688,-0.07141343382521566,25,25,125
1981-06-30,-0.06586097781093242,-0.06653883720357695,-0.0006778593926445309,25,25,126
1981-07-31,0.021790775901564904,-0.05778783915197254,-0.07957861505353744,25,25,126
1981-08-31,-0.024237486086536204,-0.08262184393656272,-0.05838435785002651,25,25,125
1981-09-30,0.024105117412019095,0.08956595003461552,0.06546083262259643,24,24,122
1981-10-31,-0.0019057361251455275,0.016212390382559172,0.0181181265077047,24,24,121
1981-11-30,-0.008179657749000122,-0.017622031734220386,-0.009442373985220263,25,25,125
1981-12-31,-0.009076975807889727,-0.011107270134456133,-0.0020302943265664065,25,25,126
1982-01-31,0.019131410799213863,-0.04214993771349935,-0.06128134851271321,25,25,128
1982-02-28,0.02115146968402721,0.013351589613881871,-0.007799880070145338,25,25,129
1982-03-31,0.01154786687254647,0.0545056785070751,0.04295781163452863,25,25,129
1982-04-30,0.011057230730848987,-0.02963831999988069,-0.040695550730729675,25,25,129
1982-05-31,0.07545526402464632,0.01584302323605606,-0.05961224078859026,25,25,129
1982-06-30,0.016429454304315458,-0.035782948461383184,-0.05221240276569864,26,26,130
1982-07-31,-0.0476660089503782,0.10838113298107485,0.15604714193145305,25,25,129
1982-08-31,0.02407173541787344,0.03482750143177573,0.010755766013902289,26,26,130
1982-09-30,0.04126738812836939,0.1533060146013127,0.11203862647294333,26,26,133
1982-10-31,0.06143537245740304,0.11826259733502707,0.05682722487762403,26,26,133
1982-11-30,-0.1050289612959105,-0.06109115086329167,0.04393781043261882,27,27,137
1982-12-31,-0.016099959223484714,0.011285883016430338,0.02738584223991505,27,27,138
1983-01-31,-0.0023012385352214615,0.042700751924968375,0.045001990460189836,29,29,147
1983-02-28,-0.007059405471166388,0.057193397514741603,0.06425280298590799,29,29,148
1983-03-31,-0.07720558710911568,0.007963923753555948,0.08516951086267163,29,29,148
1983-04-30,-0.014952975659306797,-0.00817832714070346,0.006774648518603336,30,30,151
1983-05-31,-0.002677488610983207,0.032658332710859904,0.03533582132184311,30,30,152
1983-06-30,-0.07015345904569026,-0.09896551402925247,-0.028812054983562208,30,30,154
1983-07-31,-0.04828734088046828,-0.053792349247107914,-0.005505008366639636,31,31,156
1983-08-31,0.015003720924766668,0.03494909182122346,0.01994537089645679,31,31,155
1983-09-30,-0.03698370752045406,-0.06825474859646131,-0.031271041076007255,31,31,155
1983-10-31,0.003922822913149035,0.04245847912302675,0.038535656209877714,31,31,155
1983-11-30,-0.0153756817105941,0.08987316612540483,0.10524884783599893,31,31,155
1983-12-31,-0.05677908707834416,-0.08448952316718389,-0.027710436088839725,31,31,156
1984-01-31,-0.003688804490177222,-0.06024384854901424,-0.05655504405883702,31,31,158
1984-02-29,-0.016394640913797887,-0.0027372125819605116,0.013657428331837376,31,31,157
1984-03-31,-0.004499134204773408,-0.009387637663057976,-0.004888503458284567,31,31,157
1984-04-30,-0.02788578942317721,-0.09127148269475532,-0.06338569327157811,31,31,157
1984-05-31,-0.01978627632124831,0.011221335322748029,0.03100761164399634,31,31,157
1984-06-30,-0.0049519937968806535,-0.028674947896227494,-0.02372295409934684,31,31,156
1984-07-31,-0.07757155627970401,0.07667843934029579,0.1542499956199998,30,30,154
1984-08-31,-0.02697761512084929,-0.0355889164866301,-0.008611301365780814,31,31,156
1984-09-30,0.046707651887382774,0.02605089891489755,-0.020656752972485225,31,31,157
1984-10-31,-0.019726925792759552,-0.009776126914433575,0.009950798878325975,31,31,158
1984-11-30,-0.07685041571826094,-0.04032587616690224,0.0365245395513587,31,31,158
1984-12-31,-0.07437699079487207,0.05030743095183378,0.12468442174670585,31,31,158
1985-01-31,-0.015393016805464848,0.009955518343315815,0.025348535148780663,31,31,159
1985-02-28,-0.03100230707378628,-0.0239693843102961,0.007032922763490177,31,31,159
1985-03-31,0.010414612740676253,-0.0033807145619441452,-0.013795327302620399,31,31,159
1985-04-30,0.025826543080911507,0.09098328871452009,0.06515674563360858,32,32,160
1985-05-31,-0.011915170168193073,0.016585109014962233,0.028500279183155307,32,32,160
1985-06-30,-0.03952867218309908,-0.017929416154961256,0.021599256028137826,32,32,161
1985-07-31,0.022646301664772904,-0.008339177491849491,-0.030985479156622395,32,32,164
1985-08-31,-0.004820512063408118,-0.061360148385041995,-0.05653963632163388,33,33,165
1985-09-30,0.013589707111314683,0.030314893159263074,0.01672518604794839,32,32,164
1985-10-31,0.008857388697075932,0.10336338257198069,0.09450599387490476,33,33,165
1985-11-30,-0.010207644260194184,0.02958161737463069,0.03978926163482487,33,33,167
1985-12-31,0.031074416699074067,0.02596596737973482,-0.005108449319339247,47,47,237
1986-01-31,0.035676787284920915,0.09121154829820528,0.05553476101328437,47,47,239
1986-02-28,-0.04489869494873501,0.0090100494852943,0.05390874443402931,47,47,239
1986-03-31,-0.006763093299514149,-0.003936809266886516,0.002826284032627633,47,47,239
1986-04-30,-0.049004440149154095,0.0014497725773899722,0.050454212726544066,48,48,240
1986-05-31,-0.07448306415602644,-0.07573813083195535,-0.0012550666759289046,48,48,240
1986-06-30,-0.022983028947975978,-0.11145011599845349,-0.08846708705047751,48,48,243
1986-07-31,-0.05938134894144875,0.025173422262104516,0.08455477120355327,48,48,244
1986-08-31,-0.013180603793345458,-0.10202923142715985,-0.08884862763381439,49,49,246
1986-09-30,-0.004390625789244165,0.044014777271486366,0.04840540306073053,49,49,247
1986-10-31,-0.0010211968352500335,0.005648192226211368,0.0066693890614614015,49,49,247
1986-11-30,-0.007556951430219276,-0.03508959330488235,-0.027532641874663075,49,49,245
1986-12-31,-0.026328080142768245,0.14385730320452458,0.17018538334729283,49,49,245
1987-01-31,-0.03241616362102962,0.05583378521171479,0.08824994883274441,49,49,249
1987-02-28,0.029201721411306423,0.03564415892379697,0.006442437512490548,49,49,247
1987-03-31,0.03161938576989481,-0.016451898199886822,-0.04807128396978163,49,49,249
1987-04-30,-0.008233833409232996,-0.017778622607276157,-0.009544789198043161,50,50,252
1987-05-31,-0.047301733009568914,-0.008569488568096586,0.03873224444147233,50,50,251
1987-06-30,-0.0015793937325136419,0.0225881863723572,0.024167580104870842,50,50,251
1987-07-31,-0.01685974462689356,0.03543842072090235,0.05229816534779591,50,50,251
1987-08-31,0.022707994504841397,-0.016106436920563776,-0.03881443142540517,50,50,252
1987-09-30,-0.08705906095285845,-0.3023458473941644,-0.21528678644130597,51,51,255
1987-10-31,0.009658762310227408,-0.05498950007960663,-0.06464826238983404,50,50,253
1987-11-30,-0.02924693984751446,0.057061721867837215,0.08630866171535168,50,50,253
1987-12-31,-0.05551746411425087,0.012772291130318462,0.06828975524456933,51,51,257
1988-01-31,-0.05363337766684336,0.051827237830945345,0.1054606154977887,51,51,258
1988-02-29,-0.01980506055883709,-0.021086009362982657,-0.0012809488041455673,51,51,259
1988-03-31,-0.006387471637262124,0.01917245882865075,0.025559930465912872,52,52,261
1988-04-30,-0.035412268527959874,-0.026051795788021716,0.009360472739938156,51,51,258
1988-05-31,0.023495478311236065,0.09145031162239971,0.06795483331116364,52,52,261
1988-06-30,-0.01965007768298168,-0.018952656591787895,0.0006974210911937857,53,53,265
1988-07-31,-0.040083119728419984,-0.05545331808746951,-0.015370198359049526,53,53,266
1988-08-31,0.018118359772850756,0.0468502308478116,0.028731871074960842,52,52,264
1988-09-30,0.001607062780212813,-0.004766858232155127,-0.00637392101236794,53,53,265
1988-10-31,0.012582243493952202,-0.026077602074282818,-0.03865984556823502,52,52,264
1988-11-30,-0.05749234038298576,-0.005964321376961806,0.05152801900602395,53,53,267
1988-12-31,0.004952863800245684,0.06403228107466698,0.05907941727442129,52,52,262
1989-01-31,0.014905502748813275,0.0020721650184039315,-0.012833337730409343,52,52,262
1989-02-28,0.024033368900969392,0.039184321702429005,0.015150952801459613,53,53,266
1989-03-31,0.03194429620705825,0.07505982007865215,0.043115523871593904,53,53,265
1989-04-30,-0.012752554100874974,0.03163948624647277,0.04439204034734774,53,53,265
1989-05-31,-0.033252603586652565,-0.041262724921132074,-0.008010121334479512,53,53,267
1989-06-30,0.017906691692755966,0.09283130633343127,0.0749246146406753,53,53,268
1989-07-31,-0.015816888081834856,0.024533463506193006,0.04035035158802786,53,53,268
1989-08-31,0.003866593548181577,0.007947884258899873,0.004081290710718295,54,54,270
1989-09-30,0.01381001323556958,-0.045152431221929,-0.05896244445749858,54,54,272
1989-10-31,0.01095895005649726,0.01983231585823661,0.00887336580173935,54,54,271
1989-11-30,-0.010275093777796663,0.009677973128740795,0.019953066906537458,54,54,270
1989-12-31,-0.035670612253208535,-0.09621254620895316,-0.06054193395574462,54,54,271
1990-01-31,0.012566874182779596,0.027443102103891188,0.014876227921111592,54,54,271
1990-02-28,-0.016885473992062944,0.03329996519640835,0.05018543918847129,54,54,271
1990-03-31,0.014841761327251138,-0.03216408385864024,-0.047005845185891376,54,54,271
1990-04-30,0.018075730457482717,0.12400384225389836,0.10592811179641565,54,54,270
1990-05-31,-0.016851216057546345,-0.02566870760893038,-0.008817491551384034,54,54,270
1990-06-30,-0.011004917655426778,-0.04153049395141946,-0.03052557629599268,53,53,269
1990-07-31,-0.001530349149625701,-0.12295911580321225,-0.12142876665358655,53,53,268
1990-08-31,0.03228224978478647,-0.08406832902326965,-0.11635057880805612,54,54,272
1990-09-30,-0.007306794910002672,-0.038470441766688596,-0.031163646856685923,53,53,269
1990-10-31,-0.09086882383450923,0.053561208137026285,0.1444300319715355,53,53,266
1990-11-30,-0.05159943327632932,0.006751009220166175,0.05835044249649549,54,54,270
1990-12-31,-0.08122026161541346,0.04295183490518297,0.12417209652059644,53,53,267
1991-01-31,-0.019133790784597968,0.09412582205494795,0.11325961283954591,54,54,271
1991-02-28,0.06568200330011467,0.08162036231444711,0.015938359014332434,54,54,272
1991-03-31,-0.02365508139006629,-0.02617628043825082,-0.00252119904818453,55,55,276
1991-04-30,0.018432395687579307,0.04502214295566009,0.02658974726808078,55,55,278
1991-05-31,-0.05126498196579929,-0.0894346171827017,-0.038169635216902406,56,56,282
1991-06-30,0.019496114240714152,0.06652387165492897,0.04702775741421482,56,56,281
1991-07-31,0.01830063262836113,0.0686354718352404,0.05033483920687926,56,56,281
1991-08-31,-0.0013451461836552457,-0.019111148305867385,-0.01776600212221214,56,56,283
1991-09-30,-0.017725936172173825,0.02229809641806647,0.040024032590240295,57,57,286
1991-10-31,-0.0016942511317542056,-0.05355662520622484,-0.051862374074470634,57,57,286
1991-11-30,-0.0016997879708430808,0.12399735005785192,0.125697138028695,57,57,285
1991-12-31,0.023471414151552964,0.046305355133638114,0.02283394098208515,57,57,287
1992-01-31,-0.00013869125024903832,0.007978953794738902,0.00811764504498794,57,57,289
1992-02-29,-0.106360054569839,-0.11860745268908784,-0.01224739811924884,58,58,290
1992-03-31,-0.04494889183721761,-0.015447730467561304,0.02950116136965631,58,58,291
1992-04-30,-0.05955839559091952,-0.03318149134042089,0.026376904250498632,58,58,291
1992-05-31,-0.04599345494738036,-0.06410446719187322,-0.018111012244492866,58,58,294
1992-06-30,-0.040055508499966606,0.012664933195638939,0.052720441695605545,58,58,293
1992-07-31,-0.010430183172707008,-0.04098050743008429,-0.03055032425737728,59,59,296
1992-08-31,0.00793801660649739,0.01906144667072293,0.011123430064225542,59,59,297
1992-09-30,-0.03202211526260511,0.02616296163096314,0.05818507689356825,59,59,296
1992-10-31,-0.02588342961690241,0.04354735919714684,0.06943078881404925,59,59,296
1992-11-30,-0.0037957278521484963,0.022920339089481864,0.02671606694163036,59,59,298
1992-12-31,0.006744340430729998,0.015382999645069414,0.008638659214339416,60,60,300
1993-01-31,0.005008224464254448,-0.006639492408725273,-0.01164771687297972,60,60,304
1993-02-28,0.004976818451693506,0.022282699474108113,0.017305881022414607,61,61,306
1993-03-31,0.005760435259024605,-0.024770176362798928,-0.030530611621823533,61,61,309
1993-04-30,0.0020450817708682553,0.060380128693571955,0.0583350469227037,61,61,309
1993-05-31,0.03067726321278793,0.01971942720273582,-0.010957836010052112,62,62,313
1993-06-30,0.020438191670082144,0.005075729799294621,-0.015362461870787523,63,63,316
1993-07-31,0.014281093600094621,0.060028590111218,0.04574749651112338,64,64,321
1993-08-31,0.02157893717631462,0.006660445218544935,-0.014918491957769684,64,64,323
1993-09-30,-0.09230379083394832,-0.04267933697993924,0.04962445385400908,64,64,322
1993-10-31,-0.055829214077151273,-0.053251265648955534,0.002577948428195736,64,64,323
1993-11-30,0.01764813065141526,0.0420310429940627,0.024382912342647438,64,64,324
1993-12-31,-0.007151563078727788,0.03493361121796002,0.04208517429668781,65,65,326
1994-01-31,0.002339387631138221,-0.0019610075853631263,-0.0043003952165013475,65,65,328
1994-02-28,-0.023750984577635907,-0.07088869886867118,-0.04713771429103527,66,66,330
1994-03-31,-0.026131492728620545,-0.02818560829846639,-0.0020541155698458467,66,66,330
1994-04-30,0.007437230615393777,-0.013480954944525881,-0.020918185559919658,66,66,333
1994-05-31,-0.0293774137902622,-0.042094486470536756,-0.012717072680274555,67,67,338
1994-06-30,0.014910324579180484,0.03771650696845214,0.022806182389271658,67,67,338
1994-07-31,-0.03064046849118115,0.04215489846695942,0.07279536695814057,67,67,339
1994-08-31,0.006210654906425049,-0.0255716184479879,-0.03178227335441295,68,68,340
1994-09-30,-0.006791516070834232,0.019789111724470888,0.02658062779530512,68,68,341
1994-10-31,-0.017001001070331274,-0.03536317097120052,-0.01836216990086925,67,67,338
1994-11-30,-0.03224900294605443,-0.026944530099300038,0.005304472846754386,68,68,342
1994-12-31,-0.01070144622647716,0.005045258332885057,0.015746704559362217,68,68,344
1995-01-31,0.0029849285752619817,0.04846083042859928,0.045475901853337296,69,69,348
1995-02-28,-0.0022148290623885264,0.03584471039632793,0.03805953945871646,69,69,348
1995-03-31,0.023458648764541564,0.02318856016345224,-0.0002700886010893252,70,70,350
1995-04-30,-0.04805905185014666,0.008151740675644859,0.05621079252579152,70,70,352
1995-05-31,-0.012090470404524385,0.028283465539474167,0.04037393594399855,70,70,353
1995-06-30,0.028292194844159298,0.0742331609742073,0.04594096613004801,71,71,357
1995-07-31,-0.008464947406930802,-0.008398770229126135,6.617717780466674e-05,71,71,358
1995-08-31,-0.032272731898251646,-0.001420754790659895,0.03085197710759175,72,72,360
1995-09-30,-0.010990435771052964,-0.039596703742885486,-0.028606267971832522,72,72,361
1995-10-31,0.022246105623968046,0.06350352984994616,0.04125742422597811,72,72,362
1995-11-30,-0.01908102485628724,-0.028071943300655718,-0.008990918444368477,72,72,363
1995-12-31,0.00022701430068049894,0.01671642729632395,0.01648941299564345,72,72,363
1996-01-31,-0.031329964103729596,0.0017172350285407521,0.03304719913227035,72,72,364
1996-02-29,-0.022628338189796357,0.0021101498899333587,0.024738488079729715,73,73,365
1996-03-31,-0.03251753979149001,0.033118280952853824,0.06563582074434383,73,73,365
1996-04-30,0.0027364473908054188,0.03022244006704028,0.02748599267623486,73,73,367
1996-05-31,-0.057923370093540955,-0.08260962697027316,-0.024686256876732208,73,73,368
1996-06-30,-0.01615116740556985,-0.09711576952225097,-0.08096460211668112,73,73,368
1996-07-31,0.0017153921058004201,0.05324230734656377,0.05152691524076335,74,74,370
1996-08-31,-0.019025096479773053,0.053683318461157044,0.0727084149409301,74,74,373
1996-09-30,0.053073430407974534,0.024040254267879597,-0.029033176140094933,74,74,373
1996-10-31,-0.05111510209863022,0.05322992613926992,0.10434502823790014,75,75,376
1996-11-30,-0.06234781299492437,-0.0578137196981683,0.00453409329675607,75,75,379
1996-12-31,0.018108760272435416,0.05444746453765061,0.036338704265215196,77,77,387
1997-01-31,-0.03675306446744736,-0.02235942694885915,0.014393637518588213,77,77,389
1997-02-28,-0.01775054323943291,-0.0509420761765472,-0.03319153293711429,77,77,389
1997-03-31,-0.05447089114312303,-0.010251260541910995,0.044219630601212034,78,78,393
1997-04-30,-0.08286747667719066,0.024212981640801524,0.10708045831799218,78,78,391
1997-05-31,-0.0137626512817054,0.01586075288326981,0.02962340416497521,78,78,393
1997-06-30,-0.03275402229046746,0.048527760412391055,0.08128178270285852,78,78,394
1997-07-31,-0.03467289326073451,-0.032661474768382825,0.0020114184923516803,79,79,396
1997-08-31,-0.039323815444484864,0.030955448110977616,0.07027926355546248,79,79,398
1997-09-30,-0.0730309993872492,-0.09449875605325586,-0.021467756666006654,79,79,399
1997-10-31,-0.04537518327824271,-0.019553090524012755,0.025822092754229958,80,80,400
1997-11-30,-0.010063673802404869,0.0009825124373226551,0.011046186239727524,80,80,403
1997-12-31,-0.011759827963861276,-0.014134431407913097,-0.0023746034440518204,81,81,405
1998-01-31,-0.03159723404006942,0.06511405478426861,0.09671128882433803,81,81,406
1998-02-28,-0.010862306583050318,0.03201557337562806,0.04287787995867838,81,81,406
1998-03-31,-0.06670837294282769,-0.025723803448243703,0.04098456949458399,81,81,408
1998-04-30,-0.004381290711606964,-0.05653795845058013,-0.052156667738973164,81,81,407
1998-05-31,0.011923263108659496,-0.0003831553635054246,-0.012306418472164921,81,81,409
1998-06-30,-0.008489642004993858,-0.04732841847913706,-0.0388387764741432,82,82,411
1998-07-31,-0.013833750615025925,-0.19742164630584602,-0.1835878956908201,83,83,415
1998-08-31,-0.03777483001601807,0.06562057049854074,0.10339540051455881,82,82,414
1998-09-30,-0.11759885829552949,0.028122257774947725,0.14572111607047722,82,82,414
1998-10-31,-0.021625135631996757,0.051063035226888036,0.07268817085888479,83,83,415
1998-11-30,0.08302573530624588,0.09768647344456356,0.014660738138317687,83,83,415
1998-12-31,0.0916824530493802,0.06257359229883505,-0.02910886075054515,83,83,417
1999-01-31,-0.05985107749402466,-0.07770416422262541,-0.017853086728600757,90,90,452
1999-02-28,-0.0599589062067616,0.026155888952634588,0.08611479515939618,90,90,450
1999-03-31,-0.10059351538543287,0.01488029220731823,0.11547380759275111,90,90,454
1999-04-30,-0.08934334338802219,-0.04986982612812106,0.039473517259901135,91,91,457
1999-05-31,-0.0020504784729162423,0.044895211451529915,0.04694568992444616,91,91,455
1999-06-30,0.01722357796595787,-0.03031074617240623,-0.0475343241383641,91,91,458
1999-07-31,0.015623725188614969,-0.012668698487061623,-0.02829242367567659,91,91,459
1999-08-31,0.015370086819094964,-0.028070728368105938,-0.0434408151872009,91,91,458
1999-09-30,-0.021844217392975283,0.014563613062878318,0.0364078304558536,91,91,458
1999-10-31,0.032470179043717726,0.07809843785674278,0.045628258813025055,91,91,458
1999-11-30,0.06975267759374115,0.08207311188106935,0.01232043428732819,91,91,457
1999-12-31,-0.015799029201082518,-0.04698570463959862,-0.031186675438516102,92,92,461
2000-01-31,0.20182401300206887,0.17890041636026782,-0.022923596641801033,91,91,459
2000-02-29,-0.17495843970376868,-0.031581119504335356,0.14337732019943333,92,92,460
2000-03-31,-0.08561172030788328,-0.06564735569947881,0.01996436460840446,93,93,465
2000-04-30,-0.05879483319030253,-0.026784775922283757,0.03201005726801877,93,93,466
2000-05-31,0.01595014721820521,0.03795166792336325,0.02200152070515804,92,92,464
2000-06-30,-0.012815676021139533,-0.006011424679461631,0.006804251341677902,93,93,466
2000-07-31,-0.05503065048717055,0.0556300083835257,0.11066065887069625,93,93,469
2000-08-31,0.09714277263225903,0.020748116843770443,-0.07639465578848859,94,94,474
2000-09-30,-0.0066020035793596795,0.0022340598632922355,0.008836063442651915,94,94,474
2000-10-31,0.04095060318770215,-0.053179177133222205,-0.09412978032092435,95,95,475
2000-11-30,0.04264307685024894,0.07323704476842634,0.0305939679181774,94,94,472
2000-12-31,-0.2972399322508567,-0.08424696974164024,0.21299296250921645,95,95,479
2001-01-31,0.16809868516033197,0.014238766608282475,-0.1538599185520495,96,96,481
2001-02-28,0.05963094912049906,-0.038876972062482223,-0.09850792118298128,96,96,482
2001-03-31,-0.11451004967974757,0.06249480569829297,0.17700485537804053,96,96,483
2001-04-30,0.019253155136938455,0.0344896387932403,0.015236483656301847,97,97,486
2001-05-31,-0.001661379563803498,-0.023741214590813277,-0.02207983502700978,98,98,490
2001-06-30,0.018488415464714403,-0.006774829757085742,-0.025263245221800144,98,98,491
2001-07-31,0.0294609683917163,-0.027682901485909354,-0.05714386987762565,99,99,496
2001-08-31,0.053644394667550985,-0.0947310535042455,-0.1483754481717965,99,99,496
2001-09-30,-0.07428820780584988,0.036119811993908284,0.11040801979975817,98,98,491
2001-10-31,-0.10456669483240127,0.030223462075454646,0.13479015690785592,98,98,493
2001-11-30,-0.020432232780340953,0.0317611320455089,0.05219336482584985,99,99,497
2001-12-31,0.030530572612292924,0.007526059237267102,-0.02300451337502582,99,99,497
2002-01-31,0.01262435891960957,-0.014558013327123762,-0.02718237224673333,99,99,498
2002-02-28,-0.05420251759069114,0.0427197503423907,0.09692226793308184,98,98,493
2002-03-31,0.10016456474065577,0.006257910267850252,-0.09390665447280552,100,100,500
2002-04-30,-0.02948725538884512,-0.04142859165784521,-0.01194133626900009,98,98,494
2002-05-31,0.045844546258439506,-0.05877708791662101,-0.10462163417506051,98,98,490
2002-06-30,-0.01409974217451096,-0.12186179570488771,-0.10776205353037675,98,98,491
2002-07-31,-0.001001627925120673,0.003204047923657581,0.004205675848778254,97,97,489
2002-08-31,0.08655278343568082,-0.029817047748322858,-0.11636983118400368,98,98,492
2002-09-30,-0.07478915148621058,0.005463950806950834,0.08025310229316142,97,97,485
2002-10-31,-0.2033138671064742,-0.0006913933376104764,0.20262247376886372,98,98,491
2002-11-30,0.03420451966416336,-0.033275254889867996,-0.06747977455403135,99,99,499
2002-12-31,0.004963987521864586,-0.0191294654715943,-0.024093452993458886,99,99,499
2003-01-31,0.025799013479901836,-0.0005470290407725659,-0.026346042520674403,100,100,500
2003-02-28,0.01798733481808262,0.020008348969011942,0.0020210141509293235,98,98,494
2003-03-31,-0.05779038269718426,0.05243620282452025,0.11022658552170451,100,100,502
2003-04-30,-0.04552172768875497,0.08749247435512612,0.1330142020438811,101,101,508
2003-05-31,-0.015576414861834411,0.0074972259377980525,0.023073640799632464,102,102,513
2003-06-30,-0.01336405585761443,0.04489789932176837,0.0582619551793828,103,103,515
2003-07-31,0.01145558423540613,0.05960051672066278,0.04814493248525665,103,103,515
2003-08-31,-0.0257822451714721,-0.022617650882205454,0.0031645942892666464,103,103,515
2003-09-30,0.05941738163872136,0.11459825961856794,0.05518087797984658,103,103,517
2003-10-31,0.006181094574643709,0.03222382637446562,0.026042731799821913,104,104,522
2003-11-30,-0.06839880374134574,-0.005777212665767214,0.06262159107557853,104,104,524
2003-12-31,0.0025501309806976943,0.023266830996382822,0.020716700015685128,105,105,525
2004-01-31,-0.03486223613196493,0.0006253936968709213,0.035487629828835854,105,105,528
2004-02-29,0.0033600913078149835,0.0067680564914819556,0.003407965183666972,105,105,527
2004-03-31,-0.022328104074140806,-0.040526434251076826,-0.01819833017693602,105,105,527
2004-04-30,0.003388975151986228,0.026662633189920577,0.02327365803793435,105,105,528
2004-05-31,0.019518147166673133,0.04350643959997637,0.023988292433303235,106,106,532
2004-06-30,0.01798876826883679,-0.03778755328581175,-0.05577632155464854,106,106,534
2004-07-31,-0.026163567627802288,-0.033921545423567144,-0.007757977795764855,106,106,534
2004-08-31,0.006869015999870519,0.05356425296102476,0.04669523696115424,107,107,535
2004-09-30,-0.023152265293192184,0.008827628025397856,0.03197989331859004,107,107,539
2004-10-31,0.03934844010385088,0.0965871257117801,0.057238685607929225,108,108,541
2004-11-30,-0.029329418874074302,0.030386465225039495,0.0597158840991138,108,108,542
2004-12-31,-0.0019128020743277192,-0.029337801085456753,-0.027424999011129034,108,108,542
2005-01-31,0.01891741491345895,0.041013791781058004,0.022096376867599053,108,108,543
2005-02-28,-0.019491790846528807,-0.03756985145335222,-0.01807806060682341,109,109,548
2005-03-31,-0.036991707729814534,-0.05510593453776737,-0.018114226807952834,109,109,548
2005-04-30,-0.02792459080281795,0.048067017683304014,0.07599160848612196,109,109,548
2005-05-31,0.008336920574175972,0.01575008834738931,0.007413167773213339,109,109,547
2005-06-30,-0.004926717476250772,0.06686299776898262,0.0717897152452334,110,110,550
2005-07-31,0.022925027030097585,0.009985126315125527,-0.01293990071497206,110,110,553
2005-08-31,0.013779262653390328,0.005261281713293799,-0.00851798094009653,110,110,554
2005-09-30,-0.017964696193287548,-0.03243701999900249,-0.014472323805714943,111,111,556
2005-10-31,-0.00575366569524801,0.053235450003599125,0.058989115698847135,111,111,556
2005-11-30,-0.015134415058193228,-0.007736055259570166,0.007398359798623062,111,111,559
2005-12-31,0.067245269457164,0.1152742617657264,0.048028992308562404,112,112,560
2006-01-31,-0.03518275121557077,-0.02621808845836913,0.008964662757201638,111,111,559
2006-02-28,0.03404684436890722,0.05555161423962929,0.021504769870722067,112,112,562
2006-03-31,0.018724284987478156,0.020158707546235617,0.0014344225587574631,112,112,564
2006-04-30,-0.04150184725522827,-0.06812297660521459,-0.026621129349986318,112,112,564
2006-05-31,-0.0080638671953108,-0.01359100323831812,-0.00552713604300732,112,112,563
2006-06-30,-0.018631461633569855,-0.045699916696220595,-0.02706845506265074,112,112,564
2006-07-31,-0.05686986972837675,-0.007849233819877115,0.04902063590849964,113,113,565
2006-08-31,-0.016865618063483176,0.0133075878652035,0.030173205928686674,113,113,568
2006-09-30,-0.013378011578155803,0.045235709646015046,0.05861372122417085,114,114,571
2006-10-31,-0.02281536770339912,0.032320398913826064,0.05513576661722518,115,115,576
2006-11-30,0.017905355363223168,0.005598569325395676,-0.012306786037827493,115,115,578
2006-12-31,0.007463931304196696,0.044837456905501824,0.03737352560130513,116,116,580
2007-01-31,-0.016740814333588355,-0.006319252171885183,0.01042156216170317,116,116,582
2007-02-28,-0.0019385039562657223,0.004400511810846586,0.0063390157671123085,116,116,584
2007-03-31,-0.01943969276127181,0.030506576411618594,0.049946269172890405,116,116,584
2007-04-30,0.006852585657909919,0.03605005767943557,0.029197472021525648,117,117,585
2007-05-31,-0.011002990318143877,-0.029930635904162502,-0.018927645586018626,117,117,585
2007-06-30,0.010813852662957396,-0.03180585228812101,-0.042619704951078405,117,117,586
2007-07-31,-0.010975500979939554,0.014097921379521044,0.025073422359460598,117,117,586
2007-08-31,0.045835961425989835,0.05600774214067058,0.01017178071468074,117,117,586
2007-09-30,0.02596222846867712,0.03441609327948665,0.008453864810809533,117,117,586
2007-10-31,0.044800330876450134,-0.03580935802543929,-0.08060968890188942,117,117,587
2007-11-30,0.057202757524118165,0.024351740208439956,-0.03285101731567821,117,117,588
2007-12-31,-0.08389090754673705,-0.08984163506241219,-0.005950727515675138,117,117,589
2008-01-31,0.03471363234421546,0.001600739417724233,-0.03311289292649123,117,117,588
2008-02-29,0.019608646525797517,-0.008973278459415738,-0.028581924985213253,117,117,589
2008-03-31,-0.0006758223625726867,0.06898732908893535,0.06966315145150803,117,117,588
2008-04-30,-0.0024071053993092104,0.03781193398183204,0.04021903938114125,118,118,591
2008-05-31,0.11554669083370388,-0.03082024074008625,-0.14636693157379013,118,118,592
2008-06-30,-0.060693375100794374,-0.043589609502599394,0.01710376559819498,118,118,590
2008-07-31,-0.07512713338794784,-0.016127451884857088,0.05899968150309075,118,118,593
2008-08-31,0.0026952760751804417,-0.11267813854229791,-0.11537341461747835,119,119,597
2008-09-30,0.07520075105328902,-0.16482468732833702,-0.24002543838162604,119,119,598
2008-10-31,0.03143335107518036,-0.09472879248467395,-0.1261621435598543,117,117,589
2008-11-30,-0.09848657840342627,0.014779711322336521,0.11326628972576279,115,115,577
2008-12-31,0.005568249291360211,-0.0828931760733694,-0.08846142536472962,116,116,583
2009-01-31,0.04760726523844992,-0.09201200775235373,-0.13961927299080365,115,115,578
2009-02-28,-0.07236836510002856,0.05246837290862711,0.12483673800865566,112,112,564
2009-03-31,-0.31296757950503223,0.04925364505646434,0.3622212245614966,113,113,565
2009-04-30,-0.10540360747076863,0.008207247395430934,0.11361085486619957,116,116,584
2009-05-31,-0.024695237500954866,-0.009781766625387817,0.01491347087556705,118,118,592
2009-06-30,-0.006852983245554528,0.09236333121331958,0.0992163144588741,118,118,592
2009-07-31,-0.02409267568362531,0.04826491205846704,0.07235758774209235,119,119,598
2009-08-31,-0.0032450446134113103,0.06727886505651326,0.07052390966992457,119,119,599
2009-09-30,-0.03865882097945744,-0.05975070353483047,-0.021091882555373025,120,120,603
2009-10-31,0.02079867411200468,0.06151570984756708,0.0407170357355624,120,120,600
2009-11-30,0.01126487793747151,0.06490069970736395,0.05363582176989244,120,120,602
2009-12-31,-0.0338590976595588,-0.054057295920142474,-0.02019819826058367,120,120,603
2010-01-31,0.04068634391340988,0.07266002043362138,0.0319736765202115,121,121,606
2010-02-28,0.02400165280320586,0.09563136303070754,0.07162971022750168,121,121,606
2010-03-31,0.009235607555390768,0.04063050229302999,0.03139489473763922,121,121,608
2010-04-30,0.004393155596913265,-0.0668393211479735,-0.07123247674488677,121,121,608
2010-05-31,-0.03111263605726742,-0.08224356217684924,-0.05113092611958182,121,121,607
2010-06-30,-0.005869566310997304,0.06876712594297973,0.07463669225397704,121,121,607
2010-07-31,0.01626072085171757,-0.041569191087795936,-0.057829911939513506,121,121,608
2010-08-31,-0.016707097419375566,0.10451246214960566,0.12121955956898123,121,121,608
2010-09-30,0.026334461477687702,0.046529867090094726,0.020195405612407024,122,122,611
2010-10-31,0.030655408948807958,0.037703031230391246,0.007047622281583288,122,122,611
2010-11-30,-0.06021672500926303,0.04074999066348472,0.10096671567274774,122,122,612
2010-12-31,-0.006956812722318864,0.021291424629299182,0.028248237351618046,123,123,615
2011-01-31,0.021859861696424752,0.06046829891171319,0.038608437215288435,123,123,615
2011-02-28,0.005896303530898707,0.02109734931580541,0.015201045784906704,123,123,616
2011-03-31,-0.018429398073333672,0.02199907322009926,0.04042847129343293,123,123,617
2011-04-30,-0.024082416085446774,-0.022407073200022224,0.0016753428854245505,123,123,617
2011-05-31,0.024961525098723354,-0.003199644667120027,-0.02816116976584338,123,123,619
2011-06-30,0.003115114294615494,-0.03145661666561164,-0.034571730960227136,123,123,619
2011-07-31,0.02382913223540812,-0.05857007367353403,-0.08239920590894215,124,124,622
2011-08-31,0.029130985689644895,-0.083746057771144,-0.11287704346078889,124,124,620
2011-09-30,-0.09732612362525658,0.0986127683213664,0.19593889194662298,123,123,617
2011-10-31,0.021031400569432132,-0.003581628564772155,-0.024613029134204288,124,124,622
2011-11-30,-0.002629924651168282,-0.009499917434838037,-0.006869992783669755,124,124,622
2011-12-31,-0.08271109069269603,0.03319589813588127,0.1159069888285773,125,125,625
2012-01-31,-0.0034382178587374287,0.049103774948192506,0.052541992806929935,125,125,625
2012-02-29,0.0320836987061919,0.03729707718862871,0.005213378482436813,125,125,626
2012-03-31,0.008628273218410929,0.0020738619964592773,-0.006554411221951651,125,125,626
2012-04-30,0.012680958157381211,-0.07342730813538242,-0.08610826629276364,125,125,629
2012-05-31,-0.00972730820584923,0.025197702405157424,0.034925010611006654,125,125,628
2012-06-30,-0.0032833407823750216,-0.013896451864828135,-0.010613111082453114,125,125,628
2012-07-31,-0.023263462118231937,0.028870889828204675,0.05213435194643661,125,125,626
2012-08-31,-0.009055572084483269,0.01914415092540642,0.02819972300988969,125,125,626
2012-09-30,-0.004508002846524285,-0.011790332210677134,-0.007282329364152849,125,125,628
2012-10-31,-0.009069785665530385,0.02191264449700999,0.030982430162540375,125,125,629
2012-11-30,-0.006957268987679208,0.02154974866836604,0.02850701765604525,125,125,629
2012-12-31,-0.0028724216589525037,0.06383017703345752,0.06670259869241002,126,126,630
2013-01-31,0.008217932622147605,0.010950603715882566,0.002732671093734962,126,126,633
2013-02-28,0.010039448438762845,0.05351848338105633,0.043479034942293486,126,126,632
2013-03-31,-0.030803609972720115,-0.005048103373942929,0.025755506598777185,127,127,635
2013-04-30,0.021966024669093344,0.04324310338850179,0.021277078719408447,127,127,635
2013-05-31,0.0010950806108736728,-0.01291196399266993,-0.014007044603543602,127,127,637
2013-06-30,0.018975953186054585,0.07465654889549402,0.05568059570943943,127,127,637
2013-07-31,0.0003936715100355745,-0.021989946359402095,-0.02238361786943767,127,127,639
2013-08-31,0.02877717267479109,0.0570241754094164,0.02824700273462531,127,127,639
2013-09-30,0.00037876960917342106,0.044400051991719036,0.044021282382545615,127,127,639
2013-10-31,0.031020916862519378,0.03301009043918344,0.001989173576664061,128,128,641
2013-11-30,0.007988670013658748,0.031195734688255955,0.023207064674597207,128,128,643
2013-12-31,0.013271872990798938,0.008822787942796773,-0.004449085048002165,128,128,642
2014-01-31,0.020083573520168443,0.06935183564411473,0.04926826212394629,128,128,643
2014-02-28,-0.03656687394145082,-0.025298818552672967,0.01126805538877785,128,128,644
2014-03-31,-0.04410833718102223,-0.03152391435767532,0.012584422823346908,129,129,645
2014-04-30,0.01212177123695908,0.029391389454993783,0.017269618218034702,129,129,645
2014-05-31,0.0011372892057856243,0.03565483749641126,0.03451754829062564,129,129,645
2014-06-30,-0.027669716231394394,-0.033164245985399084,-0.005494529754004692,129,129,646
2014-07-31,0.005219045687101596,0.052040004545044614,0.04682095885794302,129,129,649
2014-08-31,0.006148281901262594,-0.03046406825554764,-0.03661235015681023,129,129,649
2014-09-30,-0.01412054360298286,0.01970227376097927,0.03382281736396213,129,129,649
2014-10-31,0.03929580097160448,0.042660523642989084,0.003364722671384599,129,129,649
2014-11-30,0.01531307949793774,0.004012158117199974,-0.011300921380737766,130,130,651
2014-12-31,0.03989544989004578,-0.005941108752709214,-0.045836558642754995,130,130,653
2015-01-31,-0.05079979928368615,0.031192802097089134,0.08199260138077528,130,130,653
2015-02-28,0.0407215417142584,0.014477177434175688,-0.026244364280082717,130,130,653
2015-03-31,-0.08750879597742428,-0.03385977220286285,0.053649023774561426,130,130,650
2015-04-30,0.061937253571741305,0.037457270222038076,-0.024479983349703225,130,130,651
2015-05-31,0.03128836215070526,-0.006639111379933717,-0.03792747353063898,130,130,653
2015-06-30,0.045034981215460845,0.011227359240395762,-0.03380762197506508,130,130,651
2015-07-31,0.013029177297782649,-0.051444991206605076,-0.06447416850438772,130,130,650
2015-08-31,0.05316753541132213,-0.022346361520415137,-0.07551389693173727,130,130,653
2015-09-30,-0.037629395635798354,0.04747063201315259,0.08510002764895094,129,129,649
2015-10-31,0.013471905663689832,0.0012417319688761645,-0.012230173694813667,130,130,650
2015-11-30,0.04620438174606707,-0.014314546583161206,-0.060518928329228276,130,130,651
2015-12-31,0.0114970644746238,-0.05632647921178689,-0.06782354368641069,129,129,648
2016-01-31,-0.0448282497879229,-0.012937163269473126,0.031891086518449775,128,128,643
2016-02-29,-0.04888505193409079,0.061784009819128086,0.11066906175321888,129,129,646
2016-03-31,-0.0707034909768013,-0.015378544831381982,0.05532494614541932,129,129,646
2016-04-30,0.010876548965308333,0.018337796060429155,0.007461247095120822,129,129,649
2016-05-31,0.04805227191593367,0.02414181986897046,-0.023910452046963213,129,129,646
2016-06-30,-0.04057947839567817,0.0371551447170784,0.07773462311275657,128,128,644
2016-07-31,-0.03529736111408119,-0.02021255811315608,0.015084803000925108,129,129,645
2016-08-31,0.013264495965103573,0.008337631477164612,-0.004926864487938961,129,129,647
2016-09-30,-0.0322151567732666,-0.04966589241753312,-0.017450735644266524,129,129,647
2016-10-31,0.028831613723265218,0.08152173489909188,0.052690121175826665,129,129,647
2016-11-30,-0.008399659453248751,0.005211921001547351,0.013611580454796103,129,129,648
2016-12-31,-0.012304914935158087,0.020342141008883565,0.03264705594404165,130,130,650
2017-01-31,-0.0004174688122305162,0.030461325922866763,0.03087879473509728,129,129,649
2017-02-28,-0.0007850525344508651,-0.010234772328167845,-0.00944971979371698,130,130,650
2017-03-31,0.00855632463125868,0.009151896285152974,0.0005955716538942942,129,129,648
2017-04-30,0.05383691417164947,0.028203424789569647,-0.02563348938207982,129,129,648
2017-05-31,-0.012624769189135606,0.0001124208200471708,0.012737190009182777,129,129,646
2017-06-30,0.012052707892308301,0.023595781050320747,0.011543073158012446,129,129,645
2017-07-31,0.07421293403146347,0.026857341043142007,-0.047355592988321454,129,129,647
2017-08-31,-0.034082363188461494,0.02031571527576556,0.054398078464227055,129,129,646
2017-09-30,0.07649264670319614,0.042838415901831024,-0.03365423080136512,129,129,646
2017-10-31,-0.025948860398075042,0.0328103277219197,0.05875918811999474,129,129,647
2017-11-30,-0.019381609154065494,0.006380180746022567,0.02576178990008806,130,130,652
2017-12-31,0.035449496496593874,0.0652808643975066,0.02983136790091273,131,131,655
2018-01-31,0.0276495899538057,-0.02050344534816202,-0.04815303530196772,131,131,655
2018-02-28,-0.0025084141308761845,0.0029679296472394775,0.005476343778115662,131,131,657
2018-03-31,0.00740140885629728,0.013220062176699496,0.005818653320402216,131,131,657
2018-04-30,0.05473876880490754,0.05563189832200259,0.0008931295170950548,131,131,656
2018-05-31,-0.008267734043491088,0.014917263349056843,0.02318499739254793,132,132,660
2018-06-30,-0.03703492921426979,0.014901286417258481,0.05193621563152827,132,132,661
2018-07-31,0.06016418813231397,0.05674622865326688,-0.0034179594790470906,131,131,659
2018-08-31,0.0155610062603005,0.007500939274910445,-0.008060066985390055,131,131,659
2018-09-30,-0.022248682483446774,-0.10285262002346128,-0.0806039375400145,131,131,658
2018-10-31,-0.018312948764585255,0.002127508110838623,0.02044045687542388,130,130,654
2018-11-30,0.027228483750793356,-0.09703630951293689,-0.12426479326373024,130,130,653
2018-12-31,-0.0960116668712149,0.06870191041765414,0.16471357728886904,129,129,649
2019-01-31,0.011873854214179407,0.04763548012070813,0.035761625906528725,130,130,651
2019-02-28,0.0266590539380116,0.022016646618798867,-0.0046424073192127355,130,130,651
2019-03-31,-0.0076104644861998035,0.023574455924420357,0.03118492041062016,129,129,648
2019-04-30,0.08268106008066324,-0.05015346883446643,-0.13283452891512967,129,129,646
2019-05-31,-0.021982855821800984,0.070011288443228,0.09199414426502898,129,129,647
2019-06-30,0.006575058860790878,0.0154014784312452,0.008826419570454323,129,129,648
2019-07-31,0.12025620414033925,0.0070498241073302815,-0.11320638003300897,129,129,645
2019-08-31,-0.08078664173850952,-0.016829260749411566,0.06395738098909795,128,128,641
2019-09-30,0.005539123035042187,0.0075818373483487545,0.0020427143133065675,128,128,640
2019-10-31,-0.027430329846304096,0.02376463059752328,0.051194960443827375,128,128,640
2019-11-30,-0.038271939417636215,0.019548911094598602,0.05782085051223482,128,128,643
2019-12-31,0.04276462043727081,0.001416472067555232,-0.04134814836971558,128,128,643
2020-01-31,0.039156097187317926,-0.07107541225056811,-0.11023150943788604,128,128,640
2020-02-29,0.14871376749429285,-0.16925215467094915,-0.317965922165242,127,127,638
2020-03-31,-0.12367918106605577,0.12611886847594092,0.2497980495419967,125,125,627
2020-04-30,0.05901629119632319,0.08066453833374371,0.021648247137420515,128,128,640
2020-05-31,-0.024319799732737273,0.0308940627976456,0.05521386253038287,127,127,639
2020-06-30,0.0851836600754945,0.08167610338439278,-0.003507556691101716,128,128,642
2020-07-31,-0.017249842144036104,0.04972700350301297,0.06697684564704907,128,128,642
2020-08-31,0.040633619184679934,-0.019032530899595754,-0.05966615008427569,128,128,644
2020-09-30,-0.014465647525984468,-0.007502258718465936,0.006963388807518531,128,128,643
2020-10-31,-0.12594854028085414,0.13733920262076246,0.2632877429016166,128,128,641
2020-11-30,-0.01133010393673111,0.04636499064137198,0.05769509457810309,129,129,645
2020-12-31,0.03417096948857985,0.044544914172545635,0.010373944683965786,129,129,646
2021-01-31,0.10310035728055118,0.11682969549513937,0.013729338214588192,128,128,644
2021-02-28,-0.04846395355554661,0.02941990295149235,0.07788385650703897,129,129,645
2021-03-31,-0.01287241628549736,0.0324584302361591,0.04533084652165646,129,129,647
2021-04-30,0.038286219479540064,0.03889057804053808,0.0006043585609980197,129,129,648
2021-05-31,-0.026828464596626453,-0.00329287231776363,0.023535592278862823,129,129,649
2021-06-30,-0.043993846299850044,-0.030957732431416085,0.013036113868433957,129,129,647
2021-07-31,0.03035732950184066,0.037188100367421206,0.006830770865580546,129,129,646
2021-08-31,-0.021859323080601213,-0.05355349801781416,-0.031694174937212945,129,129,645
2021-09-30,0.05211376918186711,0.07606435067040085,0.02395058148853374,129,129,647
2021-10-31,0.019025500424894745,-0.029115666020984497,-0.04814116644587924,129,129,648
2021-11-30,-0.059493128336478796,0.012980291852449172,0.07247342018892797,129,129,648
2021-12-31,-0.061263690661316546,-0.07951475720735042,-0.018251066546033874,129,129,646
2022-01-31,0.008242183530289392,0.0017683219957103547,-0.006473861534579037,129,129,648
2022-02-28,0.029493390993789968,0.051855049594065436,0.022361658600275468,128,128,644
2022-03-31,0.05015587702248315,-0.04963987486736781,-0.09979575188985096,129,129,649
2022-04-30,0.035269820436176845,0.03052928834113086,-0.004740532095045986,129,129,645
2022-05-31,0.013528022404619755,-0.11277049683956478,-0.12629851924418453,129,129,646
2022-06-30,-0.07564242485948663,0.0593863017009218,0.13502872656040843,129,129,646
2022-07-31,0.04377460100517615,1.9801688137301402e-05,-0.043754799317038844,129,129,649
2022-08-31,0.041010647811348735,-0.07457598571396451,-0.11558663352531325,130,130,650
2022-09-30,0.030213872698692384,0.12159865797477741,0.09138478527608503,129,129,649
2022-10-31,-0.03266202422411028,0.041499357620508305,0.07416138184461858,129,129,646
2022-11-30,0.017218314997907123,-0.05556398094109732,-0.07278229593900444,129,129,648
2022-12-31,-0.1077186797452771,0.048207514938816476,0.15592619468409358,129,129,647
2023-01-31,0.012288520437573447,-0.027526652426978833,-0.03981517286455228,130,130,650
2023-02-28,-0.0009778641658715198,-0.018859229282523964,-0.017881365116652444,129,129,649
2023-03-31,-0.00842813915104619,-0.012223487647798357,-0.0037953484967521655,129,129,648
2023-04-30,0.029531180123545855,-0.014911785947854524,-0.04444296607140038,129,129,649
2023-05-31,-0.0029440599220520863,0.09000489185192496,0.09294895177397705,129,129,647
2023-06-30,-0.0515596241737637,0.03691491332565868,0.08847453749942238,129,129,648
2023-07-31,0.028310363650684615,-0.032891764352233906,-0.06120212800291852,129,129,648
2023-08-31,0.017226008568387033,-0.050391596992999374,-0.0676176055613864,129,129,647
2023-09-30,0.017878567848086092,-0.04798516330551148,-0.06586373115359757,129,129,646
2023-10-31,-0.0186300047375334,0.08987322301857673,0.10850322775611013,128,128,642
2023-11-30,-0.0715270628638405,0.05273003881873933,0.12425710168257983,128,128,643
2023-12-31,0.05182409849766198,0.013986267269382607,-0.03783783122827938,128,128,644
2024-01-31,0.07807644758623902,0.09211350009274269,0.014037052506503667,128,128,644
2024-02-29,-0.0009093073465193252,0.046340621877524385,0.04724992922404371,128,128,643
2024-03-31,-0.007376648946387933,-0.06041005449238958,-0.053033405546001645,128,128,643
2024-04-30,0.022913047903252638,0.054904028268872536,0.0319909803656199,128,128,642
2024-05-31,0.011673558330369996,-0.011666709706600262,-0.023340268036970258,128,128,643
2024-06-30,-0.046749534933784545,0.02018106592910711,0.06693060086289165,128,128,643
2024-07-31,0.04538536084633439,0.03191335327515632,-0.013472007571178073,129,129,647
2024-08-31,0.005352285762969512,0.029780664385716454,0.02442837862274694,129,129,646
2024-09-30,0.03272270622635883,0.000862580645443832,-0.031860125580915,128,128,644
2024-10-31,0.03954827986630288,0.10077248732632797,0.06122420746002509,129,129,645
2024-11-30,-0.00552270832774393,-0.06735549027129369,-0.061832781943549756,128,128,643
2024-12-31,0.03553030723343366,0.057405028324604285,0.02187472109117063,128,128,642
2025-01-31,-0.007559433491363558,-0.04144605391303374,-0.033886620421670184,128,128,641
2025-02-28,-0.03461981809531474,-0.07776863089832853,-0.04314881280301379,128,128,641
2025-03-31,0.03709986716196222,-0.01043180594243541,-0.04753167310439763,127,127,639
2025-04-30,-0.005462042913270855,0.05349133233160823,0.058953375244879085,127,127,638
2025-05-31,-0.035385081000693125,0.018885178654170758,0.05427025965486388,127,127,635
2025-06-30,-0.017039670617850076,0.012389040729294674,0.02942871134714475,127,127,636
2025-07-31,-0.05623068405482812,0.012648961051081695,0.06887964510590981,126,126,632
2025-08-31,0.07505229938065847,0.05446380311976674,-0.02058849626089172,125,125,629
2025-09-30,0.05326923867215673,0.015985177419735663,-0.03728406125242107,125,125,626
2025-10-31,-0.003709253767055819,0.012004097818985147,0.015713351586040966,125,125,627
2025-11-30,-0.007752552618723858,0.0015184128867381194,0.009270965505461977,125,125,625
2025-12-31,0.03961197764013461,0.04884583453040724,0.009233856890272627,124,124,623
2026-01-31,0.019247970171375188,0.01594720269165553,-0.0033007674797196594,124,124,623
